Journal Code Klopotek,Journal Code Online,Title,Print-ISSN,Online-ISSN,Subject Area,URL,rss_feed
ABITECH,abitech,ABI Technik,0720-6763,2191-4664,"Library and Information Science, Book Studies",https://www.degruyter.com/journal/key/abitech/html,https://raw.githubusercontent.com/alexander-winkler/degruyter_rss/main/feed/abitech.xml
ABPR,abpr,The African Book Publishing Record,0306-0322,1865-8717,"Library and Information Science, Book Studies",https://www.degruyter.com/journal/key/abpr/html,https://raw.githubusercontent.com/alexander-winkler/degruyter_rss/main/feed/abpr.xml
ACTAP,actap,Analysis of Current Trends in Antisemitism - ACTA,,2568-9347,History,https://www.degruyter.com/journal/key/actap/html,https://raw.githubusercontent.com/alexander-winkler/degruyter_rss/main/feed/actap.xml
ACV,acv,Advances in Calculus of Variations,1864-8258,1864-8266,Mathematics,https://www.degruyter.com/journal/key/acv/html,https://raw.githubusercontent.com/alexander-winkler/degruyter_rss/main/feed/acv.xml
ADV GEOM,advg,Advances in Geometry ,1615-715X,1615-7168,Mathematics,https://www.degruyter.com/journal/key/advg/html,https://raw.githubusercontent.com/alexander-winkler/degruyter_rss/main/feed/advg.xml
AEL,ael,"Accounting, Economics, and Law: A Convivium",2194-6051,2152-2820,Business and Economics,https://www.degruyter.com/journal/key/ael/html,https://raw.githubusercontent.com/alexander-winkler/degruyter_rss/main/feed/ael.xml
AFP,afp,AfP,0949-2100,2366-0945,Law ,https://www.degruyter.com/journal/key/afp/html,https://raw.githubusercontent.com/alexander-winkler/degruyter_rss/main/feed/afp.xml
AG,ag,Die Aktiengesellschaft,0002-3752,2366-097X,Law ,https://www.degruyter.com/journal/key/ag/html,https://raw.githubusercontent.com/alexander-winkler/degruyter_rss/main/feed/ag.xml
AGMS,agms,Analysis and Geometry in Metric Spaces,,2299-3274,Mathematics,https://www.degruyter.com/journal/key/agms/html,https://raw.githubusercontent.com/alexander-winkler/degruyter_rss/main/feed/agms.xml
AGPH,agph,Archiv für Geschichte der Philosophie,0003-9101,1613-0650,Philosophy,https://www.degruyter.com/journal/key/agph/html,https://raw.githubusercontent.com/alexander-winkler/degruyter_rss/main/feed/agph.xml
AJLE,ajle,Asian Journal of Law and Economics,2194-6086,2154-4611,Law ,https://www.degruyter.com/journal/key/ajle/html,https://raw.githubusercontent.com/alexander-winkler/degruyter_rss/main/feed/ajle.xml
AJMEDH,ajmedh,Asian Journal of Medical Humanities,,2751-0069,Medicine,https://www.degruyter.com/journal/key/ajmedh/html,https://raw.githubusercontent.com/alexander-winkler/degruyter_rss/main/feed/ajmedh.xml
ALMED,almed,Advances in Laboratory Medicine / Avances en Medicina de Laboratorio ,,2628-491X,Medicine,https://www.degruyter.com/journal/key/almed/html,https://raw.githubusercontent.com/alexander-winkler/degruyter_rss/main/feed/almed.xml
AMMIN,ammin,American Mineralogist,0003-004X,1945-3027,Materials Sciences,https://www.degruyter.com/journal/key/ammin/html,https://raw.githubusercontent.com/alexander-winkler/degruyter_rss/main/feed/ammin.xml
ANAB,anti,Antike und Abendland,0003-5696,1613-0421,Classical and Ancient Near Eastern Studies,https://www.degruyter.com/journal/key/anti/html,https://raw.githubusercontent.com/alexander-winkler/degruyter_rss/main/feed/anti.xml
ANG,angl,Anglia,0340-5222,1865-8938,Linguistics and Semiotics,https://www.degruyter.com/journal/key/angl/html,https://raw.githubusercontent.com/alexander-winkler/degruyter_rss/main/feed/angl.xml
ANGER,ang,Angermion ,1438-2091,1868-9426,Literary Studies,https://www.degruyter.com/journal/key/ang/html,https://raw.githubusercontent.com/alexander-winkler/degruyter_rss/main/feed/ang.xml
ANLY,anly,Analysis,0174-4747,2196-6753,Mathematics,https://www.degruyter.com/journal/key/anly/html,https://raw.githubusercontent.com/alexander-winkler/degruyter_rss/main/feed/anly.xml
ANONA,anona,Advances in Nonlinear Analysis,2191-9496,2191-950X,Mathematics,https://www.degruyter.com/journal/key/anona/html,https://raw.githubusercontent.com/alexander-winkler/degruyter_rss/main/feed/anona.xml
ANS,ans,Advanced Nonlinear Studies,1536-1365,2169-0375,Mathematics,https://www.degruyter.com/journal/key/ans/html,https://raw.githubusercontent.com/alexander-winkler/degruyter_rss/main/feed/ans.xml
AOFO,aofo,Altorientalische Forschungen,0232-8461,2196-6761,Theology and Religion,https://www.degruyter.com/journal/key/aofo/html,https://raw.githubusercontent.com/alexander-winkler/degruyter_rss/main/feed/aofo.xml
APEIRON,apeiron,Apeiron,0003-6390,2156-7093,Classical and Ancient Near Eastern Studies,https://www.degruyter.com/journal/key/apeiron/html,https://raw.githubusercontent.com/alexander-winkler/degruyter_rss/main/feed/apeiron.xml
APF,apf,Archiv für Papyrusforschung und verwandte Gebiete,0066-6459,1867-1551,Classical and Ancient Near Eastern Studies,https://www.degruyter.com/journal/key/apf/html,https://raw.githubusercontent.com/alexander-winkler/degruyter_rss/main/feed/apf.xml
APJRI,apjri,Asia-Pacific Journal of Risk and Insurance,1793-2157,2153-3792,Business and Economics,https://www.degruyter.com/journal/key/apjri/html,https://raw.githubusercontent.com/alexander-winkler/degruyter_rss/main/feed/apjri.xml
APPLIREV,alr,Applied Linguistics Review,1868-6303,1868-6311,Linguistics and Semiotics,https://www.degruyter.com/journal/key/alr/html,https://raw.githubusercontent.com/alexander-winkler/degruyter_rss/main/feed/alr.xml
ARB,arbi,Arbitrium,0723-2977,1865-8849,Literary Studies,https://www.degruyter.com/journal/key/arbi/html,https://raw.githubusercontent.com/alexander-winkler/degruyter_rss/main/feed/arbi.xml
ARBEIT,arbeit,Arbeit,0941-5025,2365-984X,Business and Economics,https://www.degruyter.com/journal/key/arbeit/html,https://raw.githubusercontent.com/alexander-winkler/degruyter_rss/main/feed/arbeit.xml
ARCADIA,arca,arcadia,0003-7982,1613-0642,Literary Studies,https://www.degruyter.com/journal/key/arca/html,https://raw.githubusercontent.com/alexander-winkler/degruyter_rss/main/feed/arca.xml
AREGE,afgs,Archiv für Religionsgeschichte,1436-3038,1868-8888,Classical and Ancient Near Eastern Studies,https://www.degruyter.com/journal/key/afgs/html,https://raw.githubusercontent.com/alexander-winkler/degruyter_rss/main/feed/afgs.xml
ARG,arg,Archiv für Reformationsgeschichte - Archive for Reformation History,0003-9381,2198-0489,Theology and Religion,https://www.degruyter.com/journal/key/arg/html,https://raw.githubusercontent.com/alexander-winkler/degruyter_rss/main/feed/arg.xml
ARH,arh,Applied Rheology,,1617-8106,Physics,https://www.degruyter.com/journal/key/arh/html,https://raw.githubusercontent.com/alexander-winkler/degruyter_rss/main/feed/arh.xml
ASCH,asch,Aschkenas,1016-4987,1865-9438,History,https://www.degruyter.com/journal/key/asch/html,https://raw.githubusercontent.com/alexander-winkler/degruyter_rss/main/feed/asch.xml
ASIA,asia,Asiatische Studien - Études Asiatiques,0004-4717,2235-5871,History,https://www.degruyter.com/journal/key/asia/html,https://raw.githubusercontent.com/alexander-winkler/degruyter_rss/main/feed/asia.xml
ASTRO,astro,Open Astronomy,,2543-6376,Physics,https://www.degruyter.com/journal/key/astro/html,https://raw.githubusercontent.com/alexander-winkler/degruyter_rss/main/feed/astro.xml
ATC,atc,architectura,0044-863X,2569-1554,Architecture and Design,https://www.degruyter.com/journal/key/atc/html,https://raw.githubusercontent.com/alexander-winkler/degruyter_rss/main/feed/atc.xml
AUK,auk,Analyse & Kritik,0171-5860,2365-9858,Social Sciences,https://www.degruyter.com/journal/key/auk/html,https://raw.githubusercontent.com/alexander-winkler/degruyter_rss/main/feed/auk.xml
AUTO,auto,at - Automatisierungstechnik,0178-2312,2196-677X,Engineering,https://www.degruyter.com/journal/key/auto/html,https://raw.githubusercontent.com/alexander-winkler/degruyter_rss/main/feed/auto.xml
BD,bd,Bibliotheksdienst,0006-1972,2194-9646,"Library and Information Science, Book Studies",https://www.degruyter.com/journal/key/bd/html,https://raw.githubusercontent.com/alexander-winkler/degruyter_rss/main/feed/bd.xml
BEJEAP,bejeap,The B.E. Journal of Economic Analysis & Policy,2194-6108,1935-1682,Business and Economics,https://www.degruyter.com/journal/key/bejeap/html,https://raw.githubusercontent.com/alexander-winkler/degruyter_rss/main/feed/bejeap.xml
BEJM,bejm,The B.E. Journal of Macroeconomics,2194-6116,1935-1690,Business and Economics,https://www.degruyter.com/journal/key/bejm/html,https://raw.githubusercontent.com/alexander-winkler/degruyter_rss/main/feed/bejm.xml
BEJTE,bejte,The B.E. Journal of Theoretical Economics,2194-6124,1935-1704,Business and Economics,https://www.degruyter.com/journal/key/bejte/html,https://raw.githubusercontent.com/alexander-winkler/degruyter_rss/main/feed/bejte.xml
BFP,bfup,Bibliothek Forschung und Praxis,0341-4183,1865-7648,"Library and Information Science, Book Studies",https://www.degruyter.com/journal/key/bfup/html,https://raw.githubusercontent.com/alexander-winkler/degruyter_rss/main/feed/bfup.xml
BIOL,biol,Open Life Sciences ,,2391-5412,Life Sciences,https://www.degruyter.com/journal/key/biol/html,https://raw.githubusercontent.com/alexander-winkler/degruyter_rss/main/feed/biol.xml
BIS,bis,Basic Income Studies,2194-6094,1932-0183,Business and Economics,https://www.degruyter.com/journal/key/bis/html,https://raw.githubusercontent.com/alexander-winkler/degruyter_rss/main/feed/bis.xml
BMC,bmc,Biomolecular Concepts,1868-5021,1868-503X,Life Sciences,https://www.degruyter.com/journal/key/bmc/html,https://raw.githubusercontent.com/alexander-winkler/degruyter_rss/main/feed/bmc.xml
BMT,bmte,Biomedical Engineering / Biomedizinische Technik ,0013-5585,1862-278X,Medicine,https://www.degruyter.com/journal/key/bmte/html,https://raw.githubusercontent.com/alexander-winkler/degruyter_rss/main/feed/bmte.xml
BOT,botm,Botanica Marina,0006-8055,1437-4323,Life Sciences,https://www.degruyter.com/journal/key/botm/html,https://raw.githubusercontent.com/alexander-winkler/degruyter_rss/main/feed/botm.xml
BTHZ,bthz,Berliner Theologische Zeitschrift ,0724-6137,2699-3414,Theology and Religion,https://www.degruyter.com/journal/key/bthz/html,https://raw.githubusercontent.com/alexander-winkler/degruyter_rss/main/feed/bthz.xml
BZ,byzs,Byzantinische Zeitschrift,0007-7704,1868-9027,History,https://www.degruyter.com/journal/key/byzs/html,https://raw.githubusercontent.com/alexander-winkler/degruyter_rss/main/feed/byzs.xml
CAAS,caas,Chinese and Arab Studies ,,2747-7460,Cultural Studies,https://www.degruyter.com/journal/key/caas/html,https://raw.githubusercontent.com/alexander-winkler/degruyter_rss/main/feed/caas.xml
CASLAR,caslar,Chinese as a Second Language Research,2193-2263,2193-2271,Linguistics and Semiotics,https://www.degruyter.com/journal/key/caslar/html,https://raw.githubusercontent.com/alexander-winkler/degruyter_rss/main/feed/caslar.xml
CAT,cat,Culture as Text,,2750-2562,Literary Studies,https://www.degruyter.com/journal/key/cat/html,https://raw.githubusercontent.com/alexander-winkler/degruyter_rss/main/feed/cat.xml
CCLM,cclm,Clinical Chemistry and Laboratory Medicine (CCLM),1434-6621,1437-4331,Medicine,https://www.degruyter.com/journal/key/cclm/html,https://raw.githubusercontent.com/alexander-winkler/degruyter_rss/main/feed/cclm.xml
CDBME,cdbme,Current Directions in Biomedical Engineering,,2364-5504,Medicine,https://www.degruyter.com/journal/key/cdbme/html,https://raw.githubusercontent.com/alexander-winkler/degruyter_rss/main/feed/cdbme.xml
CERCLES,cercles,Language Learning in Higher Education,2191-611X,2191-6128,Linguistics and Semiotics,https://www.degruyter.com/journal/key/cercles/html,https://raw.githubusercontent.com/alexander-winkler/degruyter_rss/main/feed/cercles.xml
CFER,cfer,China Finance and Economic Review,2095-4638,2196-5633,Business and Economics,https://www.degruyter.com/journal/key/cfer/html,https://raw.githubusercontent.com/alexander-winkler/degruyter_rss/main/feed/cfer.xml
CHAR,char,Chinese Archaeology,2160-5025,2160-5068,Classical and Ancient Near Eastern Studies,https://www.degruyter.com/journal/key/char/html,https://raw.githubusercontent.com/alexander-winkler/degruyter_rss/main/feed/char.xml
CHEM,chem,Open Chemistry,,2391-5420,Chemistry,https://www.degruyter.com/journal/key/chem/html,https://raw.githubusercontent.com/alexander-winkler/degruyter_rss/main/feed/chem.xml
CI,ci,Chemistry International,0193-6484,1365-2192,Chemistry,https://www.degruyter.com/journal/key/ci/html,https://raw.githubusercontent.com/alexander-winkler/degruyter_rss/main/feed/ci.xml
CJAL,cjal,Chinese Journal of Applied Linguistics,2192-9505,2192-9513,Linguistics and Semiotics,https://www.degruyter.com/journal/key/cjal/html,https://raw.githubusercontent.com/alexander-winkler/degruyter_rss/main/feed/cjal.xml
CJSS,cjss,Chinese Journal of Slavic Studies,,2747-7487,Cultural Studies,https://www.degruyter.com/journal/key/cjss/html,https://raw.githubusercontent.com/alexander-winkler/degruyter_rss/main/feed/cjss.xml
CLLT,cllt,Corpus Linguistics and Linguistic Theory,1613-7027,1613-7035,Linguistics and Semiotics,https://www.degruyter.com/journal/key/cllt/html,https://raw.githubusercontent.com/alexander-winkler/degruyter_rss/main/feed/cllt.xml
CLS,cls,Curved and Layered Structures,,2353-7396,Engineering,https://www.degruyter.com/journal/key/cls/html,https://raw.githubusercontent.com/alexander-winkler/degruyter_rss/main/feed/cls.xml
CMAM,cmam,Computational Methods in Applied Mathematics,1609-4840,1609-9389,Mathematics,https://www.degruyter.com/journal/key/cmam/html,https://raw.githubusercontent.com/alexander-winkler/degruyter_rss/main/feed/cmam.xml
CMB,cmb,Computational and Mathematical Biophysics,,2544-7297,Physics,https://www.degruyter.com/journal/key/cmb/html,https://raw.githubusercontent.com/alexander-winkler/degruyter_rss/main/feed/cmb.xml
COG,cogl,Cognitive Linguistics,0936-5907,1613-3641,Linguistics and Semiotics,https://www.degruyter.com/journal/key/cogl/html,https://raw.githubusercontent.com/alexander-winkler/degruyter_rss/main/feed/cogl.xml
COGSEM,cogsem,Cognitive Semiotics,1662-1425,2235-2066,Linguistics and Semiotics,https://www.degruyter.com/journal/key/cogsem/html,https://raw.githubusercontent.com/alexander-winkler/degruyter_rss/main/feed/cogsem.xml
COMA,coma,Complex Manifolds,,2300-7443,Mathematics,https://www.degruyter.com/journal/key/coma/html,https://raw.githubusercontent.com/alexander-winkler/degruyter_rss/main/feed/coma.xml
COMMUN,comm,Communications,0341-2059,1613-4087,Social Sciences,https://www.degruyter.com/journal/key/comm/html,https://raw.githubusercontent.com/alexander-winkler/degruyter_rss/main/feed/comm.xml
COMP,comp,Open Computer Science,,2299-1093,Computer Sciences,https://www.degruyter.com/journal/key/comp/html,https://raw.githubusercontent.com/alexander-winkler/degruyter_rss/main/feed/comp.xml
CONOP,conop,Concrete Operators,,2299-3282,Mathematics,https://www.degruyter.com/journal/key/conop/html,https://raw.githubusercontent.com/alexander-winkler/degruyter_rss/main/feed/conop.xml
CPPM,cppm,Chemical Product and Process Modeling,2194-6159,1934-2659,Industrial Chemistry,https://www.degruyter.com/journal/key/cppm/html,https://raw.githubusercontent.com/alexander-winkler/degruyter_rss/main/feed/cppm.xml
CR,cr,Computer und Recht,0179-1990,2194-4172,Law ,https://www.degruyter.com/journal/key/cr/html,https://raw.githubusercontent.com/alexander-winkler/degruyter_rss/main/feed/cr.xml
CRELLE,crll,Journal für die reine und angewandte Mathematik,0075-4102,1435-5345,Mathematics,https://www.degruyter.com/journal/key/crll/html,https://raw.githubusercontent.com/alexander-winkler/degruyter_rss/main/feed/crll.xml
CRI,cri,Computer Law Review International,1610-7608,2194-4164,Law ,https://www.degruyter.com/journal/key/cri/html,https://raw.githubusercontent.com/alexander-winkler/degruyter_rss/main/feed/cri.xml
CRPM,crpm,Case Reports in Perinatal Medicine,2192-8932,2192-8959,Medicine,https://www.degruyter.com/journal/key/crpm/html,https://raw.githubusercontent.com/alexander-winkler/degruyter_rss/main/feed/crpm.xml
CSH,csh,Corpus-based Studies across Humanities,,2940-1445,Linguistics and Semiotics,https://www.degruyter.com/journal/key/csh/html,https://raw.githubusercontent.com/alexander-winkler/degruyter_rss/main/feed/csh.xml
CSS,css,Chinese Semiotic Studies,2198-9605,2198-9613,Linguistics and Semiotics,https://www.degruyter.com/journal/key/css/html,https://raw.githubusercontent.com/alexander-winkler/degruyter_rss/main/feed/css.xml
CTI,cti,Chemistry Teacher International ,,2569-3263,Chemistry,https://www.degruyter.com/journal/key/cti/html,https://raw.githubusercontent.com/alexander-winkler/degruyter_rss/main/feed/cti.xml
CULTURE,culture,Open Cultural Studies,,2451-3474,Cultural Studies,https://www.degruyter.com/journal/key/culture/html,https://raw.githubusercontent.com/alexander-winkler/degruyter_rss/main/feed/culture.xml
CWL,cwl,Cowrie: Comparative and World Literature,,2943-0917,Literary Studies,https://www.degruyter.com/journal/key/cwl/html,https://raw.githubusercontent.com/alexander-winkler/degruyter_rss/main/feed/cwl.xml
DAK,dak,Dimensions. Journal of Architectural Knowledge,,2747-5093,Architecture and Design,https://www.degruyter.com/journal/key/dak/html,https://raw.githubusercontent.com/alexander-winkler/degruyter_rss/main/feed/dak.xml
DANTE,dante,Deutsches Dante-Jahrbuch,0070-444X,2194-4059,Literary Studies,https://www.degruyter.com/journal/key/dante/html,https://raw.githubusercontent.com/alexander-winkler/degruyter_rss/main/feed/dante.xml
DCS,dcs,Digital Culture & Society,2364-2114,2364-2122,Cultural Studies,https://www.degruyter.com/journal/key/dcs/html,https://raw.githubusercontent.com/alexander-winkler/degruyter_rss/main/feed/dcs.xml
DEMA,dema,Demonstratio Mathematica,,2391-4661,Mathematics,https://www.degruyter.com/journal/key/dema/html,https://raw.githubusercontent.com/alexander-winkler/degruyter_rss/main/feed/dema.xml
DEMO,demo,Dependence Modeling,,2300-2298,Mathematics,https://www.degruyter.com/journal/key/demo/html,https://raw.githubusercontent.com/alexander-winkler/degruyter_rss/main/feed/demo.xml
DIALECT,dig,Dialectologia et Geolinguistica,0942-4040,1867-0903,Linguistics and Semiotics,https://www.degruyter.com/journal/key/dig/html,https://raw.githubusercontent.com/alexander-winkler/degruyter_rss/main/feed/dig.xml
DINE,dine,Diabetic Nephropathy,,2719-3500,Medicine,https://www.degruyter.com/journal/key/dine/html,https://raw.githubusercontent.com/alexander-winkler/degruyter_rss/main/feed/dine.xml
DKP,dkp,Die Denkmalpflege,0947-031X,2569-1589,Arts,https://www.degruyter.com/journal/key/dkp/html,https://raw.githubusercontent.com/alexander-winkler/degruyter_rss/main/feed/dkp.xml
DMA,dma,Discrete Mathematics and Applications,0924-9265,1569-3929,Mathematics,https://www.degruyter.com/journal/key/dma/html,https://raw.githubusercontent.com/alexander-winkler/degruyter_rss/main/feed/dma.xml
DMDI,dmdi,Drug Metabolism and Personalized Therapy,2363-8907,2363-8915,Medicine,https://www.degruyter.com/journal/key/dmdi/html,https://raw.githubusercontent.com/alexander-winkler/degruyter_rss/main/feed/dmdi.xml
DMVM,dmvm,Mitteilungen der Deutschen Mathematiker-Vereinigung,0947-4471,0942-5977,Mathematics,https://www.degruyter.com/journal/key/dmvm/html,https://raw.githubusercontent.com/alexander-winkler/degruyter_rss/main/feed/dmvm.xml
DSLL,dsll,Digital Studies in Language and Literature,,2943-0607,Literary Studies,https://www.degruyter.com/journal/key/dsll/html,https://raw.githubusercontent.com/alexander-winkler/degruyter_rss/main/feed/dsll.xml
DWIR,dwir,Deutsche Zeitschrift für Wirtschafts- und Insolvenzrecht,1439-1589,1612-7056,Law ,https://www.degruyter.com/journal/key/dwir/html,https://raw.githubusercontent.com/alexander-winkler/degruyter_rss/main/feed/dwir.xml
DX,dx,Diagnosis,2194-8011,2194-802X,Medicine,https://www.degruyter.com/journal/key/dx/html,https://raw.githubusercontent.com/alexander-winkler/degruyter_rss/main/feed/dx.xml
DZPH,dzph,Deutsche Zeitschrift für Philosophie,0012-1045,2192-1482,Philosophy,https://www.degruyter.com/journal/key/dzph/html,https://raw.githubusercontent.com/alexander-winkler/degruyter_rss/main/feed/dzph.xml
ECFR,ecfr,European Company and Financial Law Review,1613-2548,1613-2556,Law ,https://www.degruyter.com/journal/key/ecfr/html,https://raw.githubusercontent.com/alexander-winkler/degruyter_rss/main/feed/ecfr.xml
ECON,econ,Economics,,1864-6042,Business and Economics,https://www.degruyter.com/journal/key/econ/html,https://raw.githubusercontent.com/alexander-winkler/degruyter_rss/main/feed/econ.xml
EDITIO,edit,editio,0931-3079,1865-9446,Literary Studies,https://www.degruyter.com/journal/key/edit/html,https://raw.githubusercontent.com/alexander-winkler/degruyter_rss/main/feed/edit.xml
EDU,edu,Open Education Studies,,2544-7831,Social Sciences,https://www.degruyter.com/journal/key/edu/html,https://raw.githubusercontent.com/alexander-winkler/degruyter_rss/main/feed/edu.xml
EDULING,eduling,Educational Linguistics,2748-9310,2748-9329,Linguistics and Semiotics,https://www.degruyter.com/journal/key/eduling/html,https://raw.githubusercontent.com/alexander-winkler/degruyter_rss/main/feed/eduling.xml
EEHS,eehs,Eastern European Holocaust Studies,,2749-9030,History,https://www.degruyter.com/journal/key/eehs/html,https://raw.githubusercontent.com/alexander-winkler/degruyter_rss/main/feed/eehs.xml
EHS,ehs,Energy Harvesting and Systems,2329-8774,2329-8766,Engineering,https://www.degruyter.com/journal/key/ehs/html,https://raw.githubusercontent.com/alexander-winkler/degruyter_rss/main/feed/ehs.xml
EJSS,ejss,European Journal of Scandinavian Studies,2191-9399,2191-9402,Literary Studies,https://www.degruyter.com/journal/key/ejss/html,https://raw.githubusercontent.com/alexander-winkler/degruyter_rss/main/feed/ejss.xml
ELEN,elen,Elenchos,0392-7342,2037-7177,Classical and Ancient Near Eastern Studies,https://www.degruyter.com/journal/key/elen/html,https://raw.githubusercontent.com/alexander-winkler/degruyter_rss/main/feed/elen.xml
EM,em,Epidemiologic Methods,2194-9263,2161-962X,Medicine,https://www.degruyter.com/journal/key/em/html,https://raw.githubusercontent.com/alexander-winkler/degruyter_rss/main/feed/em.xml
ENG,eng,Open Engineering,,2391-5439,Industrial Chemistry,https://www.degruyter.com/journal/key/eng/html,https://raw.githubusercontent.com/alexander-winkler/degruyter_rss/main/feed/eng.xml
EPLJ,eplj,European Property Law Journal ,2190-8273,2190-8362,Law ,https://www.degruyter.com/journal/key/eplj/html,https://raw.githubusercontent.com/alexander-winkler/degruyter_rss/main/feed/eplj.xml
EPOLY,epoly,e-Polymers ,2197-4586,1618-7229,Materials Sciences,https://www.degruyter.com/journal/key/epoly/html,https://raw.githubusercontent.com/alexander-winkler/degruyter_rss/main/feed/epoly.xml
EQC,eqc,Stochastics and Quality Control ,2367-2390,2367-2404,Mathematics,https://www.degruyter.com/journal/key/eqc/html,https://raw.githubusercontent.com/alexander-winkler/degruyter_rss/main/feed/eqc.xml
ERCL,ercl,European Review of Contract Law,1614-9920,1614-9939,Law ,https://www.degruyter.com/journal/key/ercl/html,https://raw.githubusercontent.com/alexander-winkler/degruyter_rss/main/feed/ercl.xml
ERJ,erj,Entrepreneurship Research Journal,2194-6175,2157-5665,Business and Economics,https://www.degruyter.com/journal/key/erj/html,https://raw.githubusercontent.com/alexander-winkler/degruyter_rss/main/feed/erj.xml
ETST,etst,Etruscan and Italic Studies,2566-9095,2566-9109,Classical and Ancient Near Eastern Studies,https://www.degruyter.com/journal/key/etst/html,https://raw.githubusercontent.com/alexander-winkler/degruyter_rss/main/feed/etst.xml
EUJAL,eujal,European Journal of Applied Linguistics,2192-9521,2192-953X,Linguistics and Semiotics,https://www.degruyter.com/journal/key/eujal/html,https://raw.githubusercontent.com/alexander-winkler/degruyter_rss/main/feed/eujal.xml
EV,ev,The Economists’ Voice,2194-6167,1553-3832,Business and Economics,https://www.degruyter.com/journal/key/ev/html,https://raw.githubusercontent.com/alexander-winkler/degruyter_rss/main/feed/ev.xml
EVTH,evth,Evangelische Theologie,0014-3502,2198-0470,Theology and Religion,https://www.degruyter.com/journal/key/evth/html,https://raw.githubusercontent.com/alexander-winkler/degruyter_rss/main/feed/evth.xml
FABULA,fabl,Fabula,0014-6242,1613-0464,Literary Studies,https://www.degruyter.com/journal/key/fabl/html,https://raw.githubusercontent.com/alexander-winkler/degruyter_rss/main/feed/fabl.xml
FHEP,fhep,Forum for Health Economics & Policy,2194-6191,1558-9544,Business and Economics,https://www.degruyter.com/journal/key/fhep/html,https://raw.githubusercontent.com/alexander-winkler/degruyter_rss/main/feed/fhep.xml
FJSB,fjsb,Forschungsjournal Soziale Bewegungen,2192-4848,2365-9890,Social Sciences,https://www.degruyter.com/journal/key/fjsb/html,https://raw.githubusercontent.com/alexander-winkler/degruyter_rss/main/feed/fjsb.xml
FLAENT,flaent,Florida Entomologist,,1938-5102,Life Sciences,https://www.degruyter.com/journal/key/flaent/html,https://raw.githubusercontent.com/alexander-winkler/degruyter_rss/main/feed/flaent.xml
FMST,fmst,Frühmittelalterliche Studien,0071-9706,1613-0812,Philosophy,https://www.degruyter.com/journal/key/fmst/html,https://raw.githubusercontent.com/alexander-winkler/degruyter_rss/main/feed/fmst.xml
FNS,fns,Frontiers of Narrative Studies,2509-4882,2509-4890,Literary Studies,https://www.degruyter.com/journal/key/fns/html,https://raw.githubusercontent.com/alexander-winkler/degruyter_rss/main/feed/fns.xml
FOLIA,flin,Folia Linguistica,0165-4004,1614-7308,Linguistics and Semiotics,https://www.degruyter.com/journal/key/flin/html,https://raw.githubusercontent.com/alexander-winkler/degruyter_rss/main/feed/flin.xml
FOR,for,The Forum,2194-6183,1540-8884,Social Sciences,https://www.degruyter.com/journal/key/for/html,https://raw.githubusercontent.com/alexander-winkler/degruyter_rss/main/feed/for.xml
FORUM,form,Forum Mathematicum ,0933-7741,1435-5337,Mathematics,https://www.degruyter.com/journal/key/form/html,https://raw.githubusercontent.com/alexander-winkler/degruyter_rss/main/feed/form.xml
FR,fr,FinanzRundschau,2567-4765,2567-4897,Law ,https://www.degruyter.com/journal/key/fr/html,https://raw.githubusercontent.com/alexander-winkler/degruyter_rss/main/feed/fr.xml
FREQ,freq,Frequenz,0016-1136,2191-6349,Engineering,https://www.degruyter.com/journal/key/freq/html,https://raw.githubusercontent.com/alexander-winkler/degruyter_rss/main/feed/freq.xml
FS,fs,feministische studien,0723-5186,2365-9920,Social Sciences,https://www.degruyter.com/journal/key/fs/html,https://raw.githubusercontent.com/alexander-winkler/degruyter_rss/main/feed/fs.xml
FZM,fzm,Frigid Zone Medicine,,2719-8073,Medicine,https://www.degruyter.com/journal/key/fzm/html,https://raw.githubusercontent.com/alexander-winkler/degruyter_rss/main/feed/fzm.xml
GCLA,gcla,Yearbook of the German Cognitive Linguistics Association,2197-2788,2197-2796,Linguistics and Semiotics,https://www.degruyter.com/journal/key/gcla/html,https://raw.githubusercontent.com/alexander-winkler/degruyter_rss/main/feed/gcla.xml
GEO,geo,Open Geosciences,,2391-5447,Geosciences,https://www.degruyter.com/journal/key/geo/html,https://raw.githubusercontent.com/alexander-winkler/degruyter_rss/main/feed/geo.xml
GER,ger,German Economic Review,1465-6485,1468-0475,Business and Economics,https://www.degruyter.com/journal/key/ger/html,https://raw.githubusercontent.com/alexander-winkler/degruyter_rss/main/feed/ger.xml
GERM,germ,Germanistik,0016-8912,1865-9187,Literary Studies,https://www.degruyter.com/journal/key/germ/html,https://raw.githubusercontent.com/alexander-winkler/degruyter_rss/main/feed/germ.xml
GESR,gesr,GesundheitsRecht,1610-1197,2194-4229,Law ,https://www.degruyter.com/journal/key/gesr/html,https://raw.githubusercontent.com/alexander-winkler/degruyter_rss/main/feed/gesr.xml
GJ,gj,Global Jurist,2194-5675,1934-2640,Law ,https://www.degruyter.com/journal/key/gj/html,https://raw.githubusercontent.com/alexander-winkler/degruyter_rss/main/feed/gj.xml
GLOCHI,glochi,Global Chinese,2199-4374,2199-4382,Linguistics and Semiotics,https://www.degruyter.com/journal/key/glochi/html,https://raw.githubusercontent.com/alexander-winkler/degruyter_rss/main/feed/glochi.xml
GLOT,glot,Glottotheory ,1337-7892,2196-6907,Linguistics and Semiotics,https://www.degruyter.com/journal/key/glot/html,https://raw.githubusercontent.com/alexander-winkler/degruyter_rss/main/feed/glot.xml
GMJ,gmj,Georgian Mathematical Journal,1072-947X,1572-9176,Mathematics,https://www.degruyter.com/journal/key/gmj/html,https://raw.githubusercontent.com/alexander-winkler/degruyter_rss/main/feed/gmj.xml
GPR,gpr,Zeitschrift für das Privatrecht der Europäischen Union,2364-7205,2364-7213,Law ,https://www.degruyter.com/journal/key/gpr/html,https://raw.githubusercontent.com/alexander-winkler/degruyter_rss/main/feed/gpr.xml
GPS,gps,Green Processing and Synthesis,2191-9542,2191-9550,Industrial Chemistry,https://www.degruyter.com/journal/key/gps/html,https://raw.githubusercontent.com/alexander-winkler/degruyter_rss/main/feed/gps.xml
GVRZ,gvrz,Zeitschrift für das gesamte Verfahrensrecht – GVRZ,,2625-1868,Law ,https://www.degruyter.com/journal/key/gvrz/html,https://raw.githubusercontent.com/alexander-winkler/degruyter_rss/main/feed/gvrz.xml
HC,hc,Heterocyclic Communications,0793-0283,2191-0197,Chemistry,https://www.degruyter.com/journal/key/hc/html,https://raw.githubusercontent.com/alexander-winkler/degruyter_rss/main/feed/hc.xml
HF,hfsg,Holzforschung,0018-3830,1437-434X,Materials Sciences,https://www.degruyter.com/journal/key/hfsg/html,https://raw.githubusercontent.com/alexander-winkler/degruyter_rss/main/feed/hfsg.xml
HMBCI,hmbci,Hormone Molecular Biology and Clinical Investigation,1868-1883,1868-1891,Life Sciences,https://www.degruyter.com/journal/key/hmbci/html,https://raw.githubusercontent.com/alexander-winkler/degruyter_rss/main/feed/hmbci.xml
HSZ,bchm,Biological Chemistry,1431-6730,1437-4315,Life Sciences,https://www.degruyter.com/journal/key/bchm/html,https://raw.githubusercontent.com/alexander-winkler/degruyter_rss/main/feed/bchm.xml
HTM,htm,HTM Journal of Heat Treatment and Materials,1867-2493,2194-1831,Engineering,https://www.degruyter.com/journal/key/htm/html,https://raw.githubusercontent.com/alexander-winkler/degruyter_rss/main/feed/htm.xml
HTMP,htmp,High Temperature Materials and Processes,0334-6455,2191-0324,Materials Sciences,https://www.degruyter.com/journal/key/htmp/html,https://raw.githubusercontent.com/alexander-winkler/degruyter_rss/main/feed/htmp.xml
HUG,hug,Hugoye: Journal of Syriac Studies ,,1097-3702,Theology and Religion,https://www.degruyter.com/journal/key/hug/html,https://raw.githubusercontent.com/alexander-winkler/degruyter_rss/main/feed/hug.xml
HUMAFF,humaff,Human Affairs,1210-3055,1337-401X,Social Sciences,https://www.degruyter.com/journal/key/humaff/html,https://raw.githubusercontent.com/alexander-winkler/degruyter_rss/main/feed/humaff.xml
HUMOR,humr,HUMOR,0933-1719,1613-3722,Linguistics and Semiotics,https://www.degruyter.com/journal/key/humr/html,https://raw.githubusercontent.com/alexander-winkler/degruyter_rss/main/feed/humr.xml
HZHZ,hzhz,Historische Zeitschrift,0018-2613,2196-680X,History,https://www.degruyter.com/journal/key/hzhz/html,https://raw.githubusercontent.com/alexander-winkler/degruyter_rss/main/feed/hzhz.xml
IASL,iasl,Internationales Archiv für Sozialgeschichte der deutschen Literatur,0340-4528,1865-9128,Literary Studies,https://www.degruyter.com/journal/key/iasl/html,https://raw.githubusercontent.com/alexander-winkler/degruyter_rss/main/feed/iasl.xml
IBERO,iber,Iberoromania,0019-0993,1865-9039,Literary Studies,https://www.degruyter.com/journal/key/iber/html,https://raw.githubusercontent.com/alexander-winkler/degruyter_rss/main/feed/iber.xml
ICL,icl,ICL Journal,2306-3734,1995-5855,Law ,https://www.degruyter.com/journal/key/icl/html,https://raw.githubusercontent.com/alexander-winkler/degruyter_rss/main/feed/icl.xml
ICOM,icom,i-com,1618-162X,2196-6826,Computer Sciences,https://www.degruyter.com/journal/key/icom/html,https://raw.githubusercontent.com/alexander-winkler/degruyter_rss/main/feed/icom.xml
ICOS,icos,International Confucian Studies,,2751-0166,Philosophy,https://www.degruyter.com/journal/key/icos/html,https://raw.githubusercontent.com/alexander-winkler/degruyter_rss/main/feed/icos.xml
IFDCK,ifdck,Interkulturelles Forum der deutsch-chinesischen Kommunikation ,,2747-7495,Asian and Pacific Studies,https://www.degruyter.com/journal/key/ifdck/html,https://raw.githubusercontent.com/alexander-winkler/degruyter_rss/main/feed/ifdck.xml
IGF,indo,Indogermanische Forschungen,0019-7262,1613-0405,Linguistics and Semiotics,https://www.degruyter.com/journal/key/indo/html,https://raw.githubusercontent.com/alexander-winkler/degruyter_rss/main/feed/indo.xml
IHR,ihr,Internationales Handelsrecht,1617-5395,2193-9527,Law ,https://www.degruyter.com/journal/key/ihr/html,https://raw.githubusercontent.com/alexander-winkler/degruyter_rss/main/feed/ihr.xml
IJAMH,ijamh,International Journal of Adolescent Medicine and Health ,0334-0139,2191-0278,Medicine,https://www.degruyter.com/journal/key/ijamh/html,https://raw.githubusercontent.com/alexander-winkler/degruyter_rss/main/feed/ijamh.xml
IJB,ijb,The International Journal of Biostatistics,2194-573X,1557-4679,Mathematics,https://www.degruyter.com/journal/key/ijb/html,https://raw.githubusercontent.com/alexander-winkler/degruyter_rss/main/feed/ijb.xml
IJCRE,ijcre,International Journal of Chemical Reactor Engineering,2194-5748,1542-6580,Industrial Chemistry,https://www.degruyter.com/journal/key/ijcre/html,https://raw.githubusercontent.com/alexander-winkler/degruyter_rss/main/feed/ijcre.xml
IJDLG,ijdlg,International Journal of Digital Law and Governance,,2941-2552,Law ,https://www.degruyter.com/journal/key/ijdlg/html,https://raw.githubusercontent.com/alexander-winkler/degruyter_rss/main/feed/ijdlg.xml
IJEEPS,ijeeps,International Journal of Emerging Electric Power Systems,2194-5756,1553-779X,Engineering,https://www.degruyter.com/journal/key/ijeeps/html,https://raw.githubusercontent.com/alexander-winkler/degruyter_rss/main/feed/ijeeps.xml
IJFE,ijfe,International Journal of Food Engineering,2194-5764,1556-3758,Industrial Chemistry,https://www.degruyter.com/journal/key/ijfe/html,https://raw.githubusercontent.com/alexander-winkler/degruyter_rss/main/feed/ijfe.xml
IJLD,ijld,International Journal of Legal Discourse,2364-8821,2364-883X,Linguistics and Semiotics,https://www.degruyter.com/journal/key/ijld/html,https://raw.githubusercontent.com/alexander-winkler/degruyter_rss/main/feed/ijld.xml
IJMR,ijmr,International Journal of Materials Research,1862-5282,2195-8556,Materials Sciences,https://www.degruyter.com/journal/key/ijmr/html,https://raw.githubusercontent.com/alexander-winkler/degruyter_rss/main/feed/ijmr.xml
IJNES,ijnes,International Journal of Nursing Education Scholarship,2194-5772,1548-923X,Medicine,https://www.degruyter.com/journal/key/ijnes/html,https://raw.githubusercontent.com/alexander-winkler/degruyter_rss/main/feed/ijnes.xml
IJPT,ijpt,International Journal of Practical Theology ,1430-6921,1612-9768,Theology and Religion,https://www.degruyter.com/journal/key/ijpt/html,https://raw.githubusercontent.com/alexander-winkler/degruyter_rss/main/feed/ijpt.xml
IJSL,ijsl,International Journal of the Sociology of Language,0165-2516,1613-3668,Linguistics and Semiotics,https://www.degruyter.com/journal/key/ijsl/html,https://raw.githubusercontent.com/alexander-winkler/degruyter_rss/main/feed/ijsl.xml
INFODAF,infodaf,Informationen Deutsch als Fremdsprache,0724-9616,2511-0853,Linguistics and Semiotics,https://www.degruyter.com/journal/key/infodaf/html,https://raw.githubusercontent.com/alexander-winkler/degruyter_rss/main/feed/infodaf.xml
IP,iprg,Intercultural Pragmatics,1612-295X,1613-365X,Linguistics and Semiotics,https://www.degruyter.com/journal/key/iprg/html,https://raw.githubusercontent.com/alexander-winkler/degruyter_rss/main/feed/iprg.xml
IPH,iph,International Public History,,2567-1111,History,https://www.degruyter.com/journal/key/iph/html,https://raw.githubusercontent.com/alexander-winkler/degruyter_rss/main/feed/iph.xml
IPP,ipp,International Polymer Processing,0930-777X,2195-8602,Industrial Chemistry | Materials Sciences,https://www.degruyter.com/journal/key/ipp/html,https://raw.githubusercontent.com/alexander-winkler/degruyter_rss/main/feed/ipp.xml
IRAL,iral,International Review of Applied Linguistics in Language Teaching,0019-042X,1613-4141,Linguistics and Semiotics,https://www.degruyter.com/journal/key/iral/html,https://raw.githubusercontent.com/alexander-winkler/degruyter_rss/main/feed/iral.xml
ISLAM,islm,Der Islam,0021-1818,1613-0928,Islamic and Middle Eastern Studies,https://www.degruyter.com/journal/key/islm/html,https://raw.githubusercontent.com/alexander-winkler/degruyter_rss/main/feed/islm.xml
ISR,isr,Internationale SteuerRundschau,2194-539X,2366-116X,Law ,https://www.degruyter.com/journal/key/isr/html,https://raw.githubusercontent.com/alexander-winkler/degruyter_rss/main/feed/isr.xml
ISS,iss,Innovative Surgical Sciences,,2364-7485,Medicine,https://www.degruyter.com/journal/key/iss/html,https://raw.githubusercontent.com/alexander-winkler/degruyter_rss/main/feed/iss.xml
ITIT,itit,it - Information Technology,1611-2776,2196-7032,Computer Sciences,https://www.degruyter.com/journal/key/itit/html,https://raw.githubusercontent.com/alexander-winkler/degruyter_rss/main/feed/itit.xml
IWP,iwp,Information – Wissenschaft & Praxis,1434-4653,1619-4292,"Library and Information Science, Book Studies",https://www.degruyter.com/journal/key/iwp/html,https://raw.githubusercontent.com/alexander-winkler/degruyter_rss/main/feed/iwp.xml
JAA,jaa,Journal of Applied Analysis,1425-6908,1869-6082,Mathematics,https://www.degruyter.com/journal/key/jaa/html,https://raw.githubusercontent.com/alexander-winkler/degruyter_rss/main/feed/jaa.xml
JAFIO,jafio,Journal of Agricultural & Food Industrial Organization,2194-5896,1542-0485,Business and Economics,https://www.degruyter.com/journal/key/jafio/html,https://raw.githubusercontent.com/alexander-winkler/degruyter_rss/main/feed/jafio.xml
JAG,jag,Journal of Applied Geodesy,1862-9016,1862-9024,Geosciences,https://www.degruyter.com/journal/key/jag/html,https://raw.githubusercontent.com/alexander-winkler/degruyter_rss/main/feed/jag.xml
JAH,jah,Journal of Ancient History,2324-8106,2324-8114,Classical and Ancient Near Eastern Studies,https://www.degruyter.com/journal/key/jah/html,https://raw.githubusercontent.com/alexander-winkler/degruyter_rss/main/feed/jah.xml
JAJUZ,jjzg-b,Jahrbuch der Juristischen Zeitgeschichte,1869-6899,1869-6902,Law ,https://www.degruyter.com/journal/key/jjzg-b/html,https://raw.githubusercontent.com/alexander-winkler/degruyter_rss/main/feed/jjzg-b.xml
JALL,jall,Journal of African Languages and Linguistics,0167-6164,1613-3811,Linguistics and Semiotics,https://www.degruyter.com/journal/key/jall/html,https://raw.githubusercontent.com/alexander-winkler/degruyter_rss/main/feed/jall.xml
JANEH,janeh,Journal of Ancient Near Eastern History,2328-9554,2328-9562,Theology and Religion,https://www.degruyter.com/journal/key/janeh/html,https://raw.githubusercontent.com/alexander-winkler/degruyter_rss/main/feed/janeh.xml
JBCPP,jbcpp,Journal of Basic and Clinical Physiology and Pharmacology,0792-6855,2191-0286,Medicine,https://www.degruyter.com/journal/key/jbcpp/html,https://raw.githubusercontent.com/alexander-winkler/degruyter_rss/main/feed/jbcpp.xml
JBGSG,jbgsg,Jahrbuch für Germanistische Sprachgeschichte,1869-7038,1869-7046,Linguistics and Semiotics,https://www.degruyter.com/journal/key/jbgsg/html,https://raw.githubusercontent.com/alexander-winkler/degruyter_rss/main/feed/jbgsg.xml
JBNST,jbnst,Jahrbücher für Nationalökonomie und Statistik,0021-4027,2366-049X,Business and Economics,https://www.degruyter.com/journal/key/jbnst/html,https://raw.githubusercontent.com/alexander-winkler/degruyter_rss/main/feed/jbnst.xml
JBPA,jbpa,Internationales Jahrbuch für philosophische Anthropologie,2192-4279,2192-4287,Philosophy,https://www.degruyter.com/journal/key/jbpa/html,https://raw.githubusercontent.com/alexander-winkler/degruyter_rss/main/feed/jbpa.xml
JBR,jbr,Journal of the Bible and its Reception,2329-440X,2329-4434,Theology and Religion,https://www.degruyter.com/journal/key/jbr/html,https://raw.githubusercontent.com/alexander-winkler/degruyter_rss/main/feed/jbr.xml
JBVELA,jbvela,Journal of Business Valuation and Economic Loss Analysis,2194-5861,1932-9156,Business and Economics,https://www.degruyter.com/journal/key/jbvela/html,https://raw.githubusercontent.com/alexander-winkler/degruyter_rss/main/feed/jbvela.xml
JBWG,jbwg,Jahrbuch für Wirtschaftsgeschichte / Economic History Yearbook,0075-2800,2196-6842,History,https://www.degruyter.com/journal/key/jbwg/html,https://raw.githubusercontent.com/alexander-winkler/degruyter_rss/main/feed/jbwg.xml
JCA,jca,Journal of Contemporary Antisemitism,2472-9914,2472-9906,Jewish Studies,https://www.degruyter.com/journal/key/jca/html,https://raw.githubusercontent.com/alexander-winkler/degruyter_rss/main/feed/jca.xml
JCCALL,jccall,Journal of China Computer-Assisted Language Learning,,2748-3479,Linguistics and Semiotics,https://www.degruyter.com/journal/key/jccall/html,https://raw.githubusercontent.com/alexander-winkler/degruyter_rss/main/feed/jccall.xml
JCDE,jcde,Journal of Contemporary Drama in English,2195-0156,2195-0164,Literary Studies,https://www.degruyter.com/journal/key/jcde/html,https://raw.githubusercontent.com/alexander-winkler/degruyter_rss/main/feed/jcde.xml
JCFS,jcfs,Journal of Chinese Film Studies,2702-2277,2702-2285,Cultural Studies,https://www.degruyter.com/journal/key/jcfs/html,https://raw.githubusercontent.com/alexander-winkler/degruyter_rss/main/feed/jcfs.xml
JCI,jci,Journal of Causal Inference ,2193-3677,2193-3685,Mathematics,https://www.degruyter.com/journal/key/jci/html,https://raw.githubusercontent.com/alexander-winkler/degruyter_rss/main/feed/jci.xml
JCIEA,jciea,Journal of Cultural Interaction in East Asia,,2747-7576,Cultural Studies,https://www.degruyter.com/journal/key/jciea/html,https://raw.githubusercontent.com/alexander-winkler/degruyter_rss/main/feed/jciea.xml
JCIM,jcim,Journal of Complementary and Integrative Medicine,2194-6329,1553-3840,Medicine,https://www.degruyter.com/journal/key/jcim/html,https://raw.githubusercontent.com/alexander-winkler/degruyter_rss/main/feed/jcim.xml
JCSSS,jcsss,Journal of the Canadian Society for Syriac Studies,,2688-4747,Classical and Ancient Near Eastern Studies,https://www.degruyter.com/journal/key/jcsss/html,https://raw.githubusercontent.com/alexander-winkler/degruyter_rss/main/feed/jcsss.xml
JDH,jdh,Journal of Digital History,,2747-5271,History,https://www.degruyter.com/journal/key/jdh/html,https://raw.githubusercontent.com/alexander-winkler/degruyter_rss/main/feed/jdh.xml
JEEH,jeeh,Journal des Économistes et des Études Humaines,2194-5799,2153-1552,Business and Economics,https://www.degruyter.com/journal/key/jeeh/html,https://raw.githubusercontent.com/alexander-winkler/degruyter_rss/main/feed/jeeh.xml
JELF,jelf,Journal of English as a Lingua Franca,2191-9216,2191-933X,Linguistics and Semiotics,https://www.degruyter.com/journal/key/jelf/html,https://raw.githubusercontent.com/alexander-winkler/degruyter_rss/main/feed/jelf.xml
JEM,jem,Journal of Econometric Methods,2194-6345,2156-6674,Business and Economics,https://www.degruyter.com/journal/key/jem/html,https://raw.githubusercontent.com/alexander-winkler/degruyter_rss/main/feed/jem.xml
JEMC,jemc,Journal of Early Modern Christianity,2196-6648,2196-6656,Theology and Religion,https://www.degruyter.com/journal/key/jemc/html,https://raw.githubusercontent.com/alexander-winkler/degruyter_rss/main/feed/jemc.xml
JETL,jetl,Journal of European Tort Law,1868-9612,1868-9620,Law ,https://www.degruyter.com/journal/key/jetl/html,https://raw.githubusercontent.com/alexander-winkler/degruyter_rss/main/feed/jetl.xml
JGD,jgd,Journal of Globalization and Development ,2194-6353,1948-1837,Business and Economics,https://www.degruyter.com/journal/key/jgd/html,https://raw.githubusercontent.com/alexander-winkler/degruyter_rss/main/feed/jgd.xml
JGOD,jgmo,Jahrbuch für die Geschichte Mittel- und Ostdeutschlands,0075-2614,2191-9909,History,https://www.degruyter.com/journal/key/jgmo/html,https://raw.githubusercontent.com/alexander-winkler/degruyter_rss/main/feed/jgmo.xml
JGT,jgth,Journal of Group Theory,1433-5883,1435-4446,Mathematics,https://www.degruyter.com/journal/key/jgth/html,https://raw.githubusercontent.com/alexander-winkler/degruyter_rss/main/feed/jgth.xml
JHSEM,jhsem,Journal of Homeland Security and Emergency Management,2194-6361,1547-7355,Social Sciences,https://www.degruyter.com/journal/key/jhsem/html,https://raw.githubusercontent.com/alexander-winkler/degruyter_rss/main/feed/jhsem.xml
JHSL,jhsl,Journal of Historical Sociolinguistics,2199-2894,2199-2908,Linguistics and Semiotics,https://www.degruyter.com/journal/key/jhsl/html,https://raw.githubusercontent.com/alexander-winkler/degruyter_rss/main/feed/jhsl.xml
JIAS,jias,Journal of the International Arthurian Society,2196-9353,2196-9361,Literary Studies,https://www.degruyter.com/journal/key/jias/html,https://raw.githubusercontent.com/alexander-winkler/degruyter_rss/main/feed/jias.xml
JIB,jib,Journal of Integrative Bioinformatics,,1613-4516,Computer Sciences,https://www.degruyter.com/journal/key/jib/html,https://raw.githubusercontent.com/alexander-winkler/degruyter_rss/main/feed/jib.xml
JIP,jiip,Journal of Inverse and Ill-posed Problems,0928-0219,1569-3945,Mathematics,https://www.degruyter.com/journal/key/jiip/html,https://raw.githubusercontent.com/alexander-winkler/degruyter_rss/main/feed/jiip.xml
JIQSA,jiqsa,Journal of the International Qur’anic Studies Association,2474-8390,2474-8420,Islamic and Middle Eastern Studies,https://www.degruyter.com/journal/key/jiqsa/html,https://raw.githubusercontent.com/alexander-winkler/degruyter_rss/main/feed/jiqsa.xml
JIRSPA,jirspa,Journal of Imagery Research in Sport and Physical Activity,2194-637X,1932-0191,Medicine,https://www.degruyter.com/journal/key/jirspa/html,https://raw.githubusercontent.com/alexander-winkler/degruyter_rss/main/feed/jirspa.xml
JISYS,jisys,Journal of Intelligent Systems,0334-1860,2191-026X,Computer Sciences,https://www.degruyter.com/journal/key/jisys/html,https://raw.githubusercontent.com/alexander-winkler/degruyter_rss/main/feed/jisys.xml
JJL,jjl,Journal of Japanese Linguistics,0197-3150,2512-1413,Linguistics and Semiotics,https://www.degruyter.com/journal/key/jjl/html,https://raw.githubusercontent.com/alexander-winkler/degruyter_rss/main/feed/jjl.xml
JJZG,jjzg,Journal der Juristischen Zeitgeschichte,1863-9984,1868-8810,Law ,https://www.degruyter.com/journal/key/jjzg/html,https://raw.githubusercontent.com/alexander-winkler/degruyter_rss/main/feed/jjzg.xml
JLR,jlr,Journal of Language Relationship ,,2219-4029,Linguistics and Semiotics,https://www.degruyter.com/journal/key/jlr/html,https://raw.githubusercontent.com/alexander-winkler/degruyter_rss/main/feed/jlr.xml
JLS,jlse,Journal of Literary Semantics,0341-7638,1613-3838,Linguistics and Semiotics,https://www.degruyter.com/journal/key/jlse/html,https://raw.githubusercontent.com/alexander-winkler/degruyter_rss/main/feed/jlse.xml
JLT,jlt,Journal of Literary Theory,1862-5290,1862-8990,Literary Studies,https://www.degruyter.com/journal/key/jlt/html,https://raw.githubusercontent.com/alexander-winkler/degruyter_rss/main/feed/jlt.xml
JMBM,jmbm,Journal of the Mechanical Behavior of Materials,0334-8938,2191-0243,Materials Sciences,https://www.degruyter.com/journal/key/jmbm/html,https://raw.githubusercontent.com/alexander-winkler/degruyter_rss/main/feed/jmbm.xml
JMC,jmc,Journal of Mathematical Cryptology,1862-2976,1862-2984,Mathematics,https://www.degruyter.com/journal/key/jmc/html,https://raw.githubusercontent.com/alexander-winkler/degruyter_rss/main/feed/jmc.xml
JMDAI,jmdai,Journal of Machine Design and Automation Intelligence ,,2940-3693,Engineering,https://www.degruyter.com/journal/key/jmdai/html,https://raw.githubusercontent.com/alexander-winkler/degruyter_rss/main/feed/jmdai.xml
JNCDS,jncds,"Journal of Nonlinear, Complex and Data Science",,2752-2334,Mathematics,https://www.degruyter.com/journal/key/jncds/html,https://raw.githubusercontent.com/alexander-winkler/degruyter_rss/main/feed/jncds.xml
JNETDY,jnet,Journal of Non-Equilibrium Thermodynamics,0340-0204,1437-4358,Physics,https://www.degruyter.com/journal/key/jnet/html,https://raw.githubusercontent.com/alexander-winkler/degruyter_rss/main/feed/jnet.xml
JNUM,jnma,Journal of Numerical Mathematics,1570-2820,1569-3953,Mathematics,https://www.degruyter.com/journal/key/jnma/html,https://raw.githubusercontent.com/alexander-winkler/degruyter_rss/main/feed/jnma.xml
JOC,joc,Journal of Optical Communications,0173-4911,2191-6322,Engineering,https://www.degruyter.com/journal/key/joc/html,https://raw.githubusercontent.com/alexander-winkler/degruyter_rss/main/feed/joc.xml
JOGS,jogs,Journal of Geodetic Science,,2081-9943,Geosciences,https://www.degruyter.com/journal/key/jogs/html,https://raw.githubusercontent.com/alexander-winkler/degruyter_rss/main/feed/jogs.xml
JOLL,joll,Journal of Latin Linguistics,2194-8739,2194-8747,Linguistics and Semiotics,https://www.degruyter.com/journal/key/joll/html,https://raw.githubusercontent.com/alexander-winkler/degruyter_rss/main/feed/joll.xml
JOM,jom,Journal of Osteopathic Medicine,,2702-3648,Medicine,https://www.degruyter.com/journal/key/jom/html,https://raw.githubusercontent.com/alexander-winkler/degruyter_rss/main/feed/jom.xml
JOSO,joso,Journal of Organizational Sociology,,2752-2997,Social Sciences,https://www.degruyter.com/journal/key/joso/html,https://raw.githubusercontent.com/alexander-winkler/degruyter_rss/main/feed/joso.xml
JPEM,jpem,Journal of Pediatric Endocrinology and Metabolism,0334-018X,2191-0251,Medicine,https://www.degruyter.com/journal/key/jpem/html,https://raw.githubusercontent.com/alexander-winkler/degruyter_rss/main/feed/jpem.xml
JPM,jpme,Journal of Perinatal Medicine,0300-5577,1619-3997,Medicine,https://www.degruyter.com/journal/key/jpme/html,https://raw.githubusercontent.com/alexander-winkler/degruyter_rss/main/feed/jpme.xml
JQAS,jqas,Journal of Quantitative Analysis in Sports,2194-6388,1559-0410,Mathematics,https://www.degruyter.com/journal/key/jqas/html,https://raw.githubusercontent.com/alexander-winkler/degruyter_rss/main/feed/jqas.xml
JSALL,jsall,Journal of South Asian Languages and Linguistics,2196-0771,2196-078X,Linguistics and Semiotics,https://www.degruyter.com/journal/key/jsall/html,https://raw.githubusercontent.com/alexander-winkler/degruyter_rss/main/feed/jsall.xml
JTC,jtc,Journal of Transcultural Communication,,2749-4799,Cultural Studies,https://www.degruyter.com/journal/key/jtc/html,https://raw.githubusercontent.com/alexander-winkler/degruyter_rss/main/feed/jtc.xml
JTIM,jtim,Journal of Translational Internal Medicine,,2224-4018,Medicine,https://www.degruyter.com/journal/key/jtim/html,https://raw.githubusercontent.com/alexander-winkler/degruyter_rss/main/feed/jtim.xml
JTL,jtl,Journal of Tort Law,2194-6515,1932-9148,Law ,https://www.degruyter.com/journal/key/jtl/html,https://raw.githubusercontent.com/alexander-winkler/degruyter_rss/main/feed/jtl.xml
JTPH,jtph,Journal of Transcendental Philosophy,2626-8310,2626-8329,Philosophy,https://www.degruyter.com/journal/key/jtph/html,https://raw.githubusercontent.com/alexander-winkler/degruyter_rss/main/feed/jtph.xml
JTSE,jtse,Journal of Time Series Econometrics,2194-6507,1941-1928,Business and Economics,https://www.degruyter.com/journal/key/jtse/html,https://raw.githubusercontent.com/alexander-winkler/degruyter_rss/main/feed/jtse.xml
JURA,jura,JURA - Juristische Ausbildung,0170-1452,1612-7021,Law ,https://www.degruyter.com/journal/key/jura/html,https://raw.githubusercontent.com/alexander-winkler/degruyter_rss/main/feed/jura.xml
JURU,juru,Juristische Rundschau,0022-6920,1612-7064,Law ,https://www.degruyter.com/journal/key/juru/html,https://raw.githubusercontent.com/alexander-winkler/degruyter_rss/main/feed/juru.xml
JWL,jwl,Journal of World Languages,,2169-8260,Linguistics and Semiotics,https://www.degruyter.com/journal/key/jwl/html,https://raw.githubusercontent.com/alexander-winkler/degruyter_rss/main/feed/jwl.xml
KADMOS,kadm,Kadmos,0022-7498,1613-0723,Classical and Ancient Near Eastern Studies,https://www.degruyter.com/journal/key/kadm/html,https://raw.githubusercontent.com/alexander-winkler/degruyter_rss/main/feed/kadm.xml
KANT,kant,Kant-Studien,0022-8877,1613-1134,Philosophy,https://www.degruyter.com/journal/key/kant/html,https://raw.githubusercontent.com/alexander-winkler/degruyter_rss/main/feed/kant.xml
KANTYB,kantyb,Kant Yearbook,1868-4599,1868-4602,Philosophy,https://www.degruyter.com/journal/key/kantyb/html,https://raw.githubusercontent.com/alexander-winkler/degruyter_rss/main/feed/kantyb.xml
KERN,kern,Kerntechnik,0932-3902,2195-8580,Engineering,https://www.degruyter.com/journal/key/kern/html,https://raw.githubusercontent.com/alexander-winkler/degruyter_rss/main/feed/kern.xml
KIERKE,kier,Kierkegaard Studies Yearbook,1430-5372,1612-9792,Theology and Religion,https://www.degruyter.com/journal/key/kier/html,https://raw.githubusercontent.com/alexander-winkler/degruyter_rss/main/feed/kier.xml
KL,kl,Kritikon Litterarum,0340-9767,1865-7249,Literary Studies,https://www.degruyter.com/journal/key/kl/html,https://raw.githubusercontent.com/alexander-winkler/degruyter_rss/main/feed/kl.xml
KLIO,klio,Klio,0075-6334,2192-7669,Classical and Ancient Near Eastern Studies,https://www.degruyter.com/journal/key/klio/html,https://raw.githubusercontent.com/alexander-winkler/degruyter_rss/main/feed/klio.xml
KRT,krt,KRITERION – Journal of Philosophy,,2750-977X,Philosophy,https://www.degruyter.com/journal/key/krt/html,https://raw.githubusercontent.com/alexander-winkler/degruyter_rss/main/feed/krt.xml
LABMED,labm,Journal of Laboratory Medicine,2567-9430,2567-9449,Medicine,https://www.degruyter.com/journal/key/labm/html,https://raw.githubusercontent.com/alexander-winkler/degruyter_rss/main/feed/labm.xml
LAJS,lajs,Latin American Jewish Studies,,2644-061X,Jewish Studies,https://www.degruyter.com/journal/key/lajs/html,https://raw.githubusercontent.com/alexander-winkler/degruyter_rss/main/feed/lajs.xml
LASS,lass,Language and Semiotic Studies,,2751-7160,Linguistics and Semiotics,https://www.degruyter.com/journal/key/lass/html,https://raw.githubusercontent.com/alexander-winkler/degruyter_rss/main/feed/lass.xml
LDR,ldr,Law and Development Review,2194-6523,1943-3867,Law ,https://www.degruyter.com/journal/key/ldr/html,https://raw.githubusercontent.com/alexander-winkler/degruyter_rss/main/feed/ldr.xml
LEHR,lehr,Law & Ethics of Human Rights,2194-6531,1938-2545,Law ,https://www.degruyter.com/journal/key/lehr/html,https://raw.githubusercontent.com/alexander-winkler/degruyter_rss/main/feed/lehr.xml
LES,les,Lebende Sprachen,0023-9909,1868-0267,Linguistics and Semiotics,https://www.degruyter.com/journal/key/les/html,https://raw.githubusercontent.com/alexander-winkler/degruyter_rss/main/feed/les.xml
LEX,lexi,Lexicographica,0175-6206,1865-9403,Linguistics and Semiotics,https://www.degruyter.com/journal/key/lexi/html,https://raw.githubusercontent.com/alexander-winkler/degruyter_rss/main/feed/lexi.xml
LIBRI,libr,Libri,0024-2667,1865-8423,"Library and Information Science, Book Studies",https://www.degruyter.com/journal/key/libr/html,https://raw.githubusercontent.com/alexander-winkler/degruyter_rss/main/feed/libr.xml
LING,ling,Linguistics,0024-3949,1613-396X,Linguistics and Semiotics,https://www.degruyter.com/journal/key/ling/html,https://raw.githubusercontent.com/alexander-winkler/degruyter_rss/main/feed/ling.xml
LINGTY,lity,Linguistic Typology ,1430-0532,1613-415X,Linguistics and Semiotics,https://www.degruyter.com/journal/key/lity/html,https://raw.githubusercontent.com/alexander-winkler/degruyter_rss/main/feed/lity.xml
LINGVAN,lingvan,Linguistics Vanguard,,2199-174X,Linguistics and Semiotics,https://www.degruyter.com/journal/key/lingvan/html,https://raw.githubusercontent.com/alexander-winkler/degruyter_rss/main/feed/lingvan.xml
LPP,lpp,Lodz Papers in Pragmatics ,1895-6106,1898-4436,Linguistics and Semiotics,https://www.degruyter.com/journal/key/lpp/html,https://raw.githubusercontent.com/alexander-winkler/degruyter_rss/main/feed/lpp.xml
MAMMALIA,mamm,Mammalia,0025-1461,1864-1547,Life Sciences,https://www.degruyter.com/journal/key/mamm/html,https://raw.githubusercontent.com/alexander-winkler/degruyter_rss/main/feed/mamm.xml
MATH,math,Open Mathematics,,2391-5455,Mathematics,https://www.degruyter.com/journal/key/math/html,https://raw.githubusercontent.com/alexander-winkler/degruyter_rss/main/feed/math.xml
MC,mc,Multimodal Communication,2230-6579,2230-6587,Social Sciences,https://www.degruyter.com/journal/key/mc/html,https://raw.githubusercontent.com/alexander-winkler/degruyter_rss/main/feed/mc.xml
MCMA,mcma,Monte Carlo Methods and Applications,0929-9629,1569-3961,Mathematics,https://www.degruyter.com/journal/key/mcma/html,https://raw.githubusercontent.com/alexander-winkler/degruyter_rss/main/feed/mcma.xml
MDKI,mdki,Materialdienst,0934-8522,2747-6715,Theology and Religion,https://www.degruyter.com/journal/key/mdki/html,https://raw.githubusercontent.com/alexander-winkler/degruyter_rss/main/feed/mdki.xml
MDTR,mdtr,Monatsschrift für Deutsches Recht,0340-1812,2194-4202,Law ,https://www.degruyter.com/journal/key/mdtr/html,https://raw.githubusercontent.com/alexander-winkler/degruyter_rss/main/feed/mdtr.xml
ME,me,Man and the Economy,2196-9639,2196-9647,Business and Economics,https://www.degruyter.com/journal/key/me/html,https://raw.githubusercontent.com/alexander-winkler/degruyter_rss/main/feed/me.xml
MED,med,Open Medicine,,2391-5463,Medicine,https://www.degruyter.com/journal/key/med/html,https://raw.githubusercontent.com/alexander-winkler/degruyter_rss/main/feed/med.xml
MEDGEN,medgen,Medizinische Genetik,0936-5931,1863-5490,Medicine,https://www.degruyter.com/journal/key/medgen/html,https://raw.githubusercontent.com/alexander-winkler/degruyter_rss/main/feed/medgen.xml
MGMC,mgmc,Main Group Metal Chemistry,0792-1241,2191-0219,Chemistry,https://www.degruyter.com/journal/key/mgmc/html,https://raw.githubusercontent.com/alexander-winkler/degruyter_rss/main/feed/mgmc.xml
MGZS,mgzs,Militärgeschichtliche Zeitschrift,2193-2336,2196-6850,History,https://www.degruyter.com/journal/key/mgzs/html,https://raw.githubusercontent.com/alexander-winkler/degruyter_rss/main/feed/mgzs.xml
MILL,mjb,Millennium,1867-030X,1867-0318,Classical and Ancient Near Eastern Studies,https://www.degruyter.com/journal/key/mjb/html,https://raw.githubusercontent.com/alexander-winkler/degruyter_rss/main/feed/mjb.xml
MIM,mim,Methods in Microscopy,,2942-3899,,https://www.degruyter.com/journal/key/mim/html,https://raw.githubusercontent.com/alexander-winkler/degruyter_rss/main/feed/mim.xml
MKS,mks,Monatsschrift für Kriminologie und Strafrechtsreform,0026-9301,2366-1968,Law ,https://www.degruyter.com/journal/key/mks/html,https://raw.githubusercontent.com/alexander-winkler/degruyter_rss/main/feed/mks.xml
MLT,mlt,Multicultural Learning and Teaching,2194-654X,2161-2412,Social Sciences,https://www.degruyter.com/journal/key/mlt/html,https://raw.githubusercontent.com/alexander-winkler/degruyter_rss/main/feed/mlt.xml
MODI,modi,Mongolian Diaspora. Journal of Mongolian History and Culture,,2941-2722,Asian and Pacific Studies,https://www.degruyter.com/journal/key/modi/html,https://raw.githubusercontent.com/alexander-winkler/degruyter_rss/main/feed/modi.xml
MOPP,mopp,Moral Philosophy and Politics,2194-5616,2194-5624,Philosophy,https://www.degruyter.com/journal/key/mopp/html,https://raw.githubusercontent.com/alexander-winkler/degruyter_rss/main/feed/mopp.xml
MOT,mot,Mother Tongue,,2766-6395,Linguistics and Semiotics,https://www.degruyter.com/journal/key/mot/html,https://raw.githubusercontent.com/alexander-winkler/degruyter_rss/main/feed/mot.xml
MP,mp,Metaphysica,1437-2053,1874-6373,Philosophy,https://www.degruyter.com/journal/key/mp/html,https://raw.githubusercontent.com/alexander-winkler/degruyter_rss/main/feed/mp.xml
MR,mr,Medical Review,,2749-9642,Medicine,https://www.degruyter.com/journal/key/mr/html,https://raw.githubusercontent.com/alexander-winkler/degruyter_rss/main/feed/mr.xml
MS,ms,Mathematica Slovaca,0139-9918,1337-2211,Mathematics,https://www.degruyter.com/journal/key/ms/html,https://raw.githubusercontent.com/alexander-winkler/degruyter_rss/main/feed/ms.xml
MSDS,msds,Nonautonomous Dynamical Systems,,2353-0626,Mathematics,https://www.degruyter.com/journal/key/msds/html,https://raw.githubusercontent.com/alexander-winkler/degruyter_rss/main/feed/msds.xml
MT,mt,Materials Testing,0025-5300,2195-8572,Engineering,https://www.degruyter.com/journal/key/mt/html,https://raw.githubusercontent.com/alexander-winkler/degruyter_rss/main/feed/mt.xml
MULTI,mult,Multilingua,0167-8507,1613-3684,Linguistics and Semiotics,https://www.degruyter.com/journal/key/mult/html,https://raw.githubusercontent.com/alexander-winkler/degruyter_rss/main/feed/mult.xml
MWJHR,mwjhr,Muslim World Journal of Human Rights,2194-6558,1554-4419,Law ,https://www.degruyter.com/journal/key/mwjhr/html,https://raw.githubusercontent.com/alexander-winkler/degruyter_rss/main/feed/mwjhr.xml
NAHARAIM,naha,Naharaim,1862-9148,1862-9156,Theology and Religion,https://www.degruyter.com/journal/key/naha/html,https://raw.githubusercontent.com/alexander-winkler/degruyter_rss/main/feed/naha.xml
NANOPH,nanoph,Nanophotonics,2192-8606,2192-8614,Physics,https://www.degruyter.com/journal/key/nanoph/html,https://raw.githubusercontent.com/alexander-winkler/degruyter_rss/main/feed/nanoph.xml
NCRS,ncrs,Zeitschrift für Kristallographie - New Crystal Structures,1433-7266,2197-4578,Materials Sciences,https://www.degruyter.com/journal/key/ncrs/html,https://raw.githubusercontent.com/alexander-winkler/degruyter_rss/main/feed/ncrs.xml
NGS,ngs,New Global Studies,2194-6566,1940-0004,Social Sciences,https://www.degruyter.com/journal/key/ngs/html,https://raw.githubusercontent.com/alexander-winkler/degruyter_rss/main/feed/ngs.xml
NIETZSTU,niet,Nietzsche-Studien,0342-1422,1613-0790,Philosophy,https://www.degruyter.com/journal/key/niet/html,https://raw.githubusercontent.com/alexander-winkler/degruyter_rss/main/feed/niet.xml
NIFO,nifo,Nietzscheforschung,1869-5604,2191-9259,Philosophy,https://www.degruyter.com/journal/key/nifo/html,https://raw.githubusercontent.com/alexander-winkler/degruyter_rss/main/feed/nifo.xml
NIPT,nipt,NeuroImmune Pharmacology and Therapeutics,,2750-6665,Life Sciences,https://www.degruyter.com/journal/key/nipt/html,https://raw.githubusercontent.com/alexander-winkler/degruyter_rss/main/feed/nipt.xml
NLENG,nleng,Nonlinear Engineering,2192-8010,2192-8029,Engineering,https://www.degruyter.com/journal/key/nleng/html,https://raw.githubusercontent.com/alexander-winkler/degruyter_rss/main/feed/nleng.xml
NOISE,noise,Noise Mapping,,2084-879X,Business and Economics,https://www.degruyter.com/journal/key/noise/html,https://raw.githubusercontent.com/alexander-winkler/degruyter_rss/main/feed/noise.xml
NPF,npf,Nonprofit Policy Forum,2194-6035,2154-3348,Social Sciences,https://www.degruyter.com/journal/key/npf/html,https://raw.githubusercontent.com/alexander-winkler/degruyter_rss/main/feed/npf.xml
NPPRJ,npprj,Nordic Pulp & Paper Research Journal,0283-2631,2000-0669,Materials Sciences,https://www.degruyter.com/journal/key/npprj/html,https://raw.githubusercontent.com/alexander-winkler/degruyter_rss/main/feed/npprj.xml
NTREV,ntrev,Nanotechnology Reviews,2191-9089,2191-9097,Engineering,https://www.degruyter.com/journal/key/ntrev/html,https://raw.githubusercontent.com/alexander-winkler/degruyter_rss/main/feed/ntrev.xml
NZSTH,nzst,Neue Zeitschrift für Systematische Theologie und Religionsphilosophie,0028-3517,1612-9520,Theology and Religion,https://www.degruyter.com/journal/key/nzst/html,https://raw.githubusercontent.com/alexander-winkler/degruyter_rss/main/feed/nzst.xml
OHE,ohe,Open Health ,,2544-9826,Medicine,https://www.degruyter.com/journal/key/ohe/html,https://raw.githubusercontent.com/alexander-winkler/degruyter_rss/main/feed/ohe.xml
OLZG,olzg,Orientalistische Literaturzeitung,0030-5383,2196-6877,Theology and Religion,https://www.degruyter.com/journal/key/olzg/html,https://raw.githubusercontent.com/alexander-winkler/degruyter_rss/main/feed/olzg.xml
OMGC,omgc,Online Media and Global Communication,,2749-9049,Cultural Studies,https://www.degruyter.com/journal/key/omgc/html,https://raw.githubusercontent.com/alexander-winkler/degruyter_rss/main/feed/omgc.xml
ONCOLOGIE,oncologie,Oncologie,,1765-2839,Medicine,https://www.degruyter.com/journal/key/oncologie/html,https://raw.githubusercontent.com/alexander-winkler/degruyter_rss/main/feed/oncologie.xml
OPAG,opag,Open Agriculture,,2391-9531,Life Sciences,https://www.degruyter.com/journal/key/opag/html,https://raw.githubusercontent.com/alexander-winkler/degruyter_rss/main/feed/opag.xml
OPAR,opar,Open Archaeology,,2300-6560,Classical and Ancient Near Eastern Studies,https://www.degruyter.com/journal/key/opar/html,https://raw.githubusercontent.com/alexander-winkler/degruyter_rss/main/feed/opar.xml
OPIS,opis,Open Information Science,,2451-1781,"Library and Information Science, Book Studies",https://www.degruyter.com/journal/key/opis/html,https://raw.githubusercontent.com/alexander-winkler/degruyter_rss/main/feed/opis.xml
OPLI,opli,Open Linguistics,,2300-9969,Linguistics and Semiotics,https://www.degruyter.com/journal/key/opli/html,https://raw.githubusercontent.com/alexander-winkler/degruyter_rss/main/feed/opli.xml
OPPHIL,opphil,Open Philosophy,,2543-8875,Philosophy,https://www.degruyter.com/journal/key/opphil/html,https://raw.githubusercontent.com/alexander-winkler/degruyter_rss/main/feed/opphil.xml
OPTH,opth,Open Theology ,,2300-6579,Theology and Religion,https://www.degruyter.com/journal/key/opth/html,https://raw.githubusercontent.com/alexander-winkler/degruyter_rss/main/feed/opth.xml
ORDO,ordo,ORDO,0048-2129,2366-0481,Business and Economics,https://www.degruyter.com/journal/key/ordo/html,https://raw.githubusercontent.com/alexander-winkler/degruyter_rss/main/feed/ordo.xml
PAC,pac,Pure and Applied Chemistry,0033-4545,1365-3075,Chemistry,https://www.degruyter.com/journal/key/pac/html,https://raw.githubusercontent.com/alexander-winkler/degruyter_rss/main/feed/pac.xml
PARA,para,Paragrana,0938-0116,2196-6885,Philosophy,https://www.degruyter.com/journal/key/para/html,https://raw.githubusercontent.com/alexander-winkler/degruyter_rss/main/feed/para.xml
PBB,bgsl,Beiträge zur Geschichte der deutschen Sprache und Literatur,0005-8076,1865-9373,Literary Studies,https://www.degruyter.com/journal/key/bgsl/html,https://raw.githubusercontent.com/alexander-winkler/degruyter_rss/main/feed/bgsl.xml
PDTC,pdtc,"Preservation, Digital Technology & Culture (PDT&C)",2195-2957,2195-2965,"Library and Information Science, Book Studies",https://www.degruyter.com/journal/key/pdtc/html,https://raw.githubusercontent.com/alexander-winkler/degruyter_rss/main/feed/pdtc.xml
PEPS,peps,"Peace Economics, Peace Science and Public Policy",1079-2457,1554-8597,Business and Economics,https://www.degruyter.com/journal/key/peps/html,https://raw.githubusercontent.com/alexander-winkler/degruyter_rss/main/feed/peps.xml
PHHUMYB,phhumyb,The Philosophy of Humor Yearbook,2698-7171,2698-718X,Philosophy,https://www.degruyter.com/journal/key/phhumyb/html,https://raw.githubusercontent.com/alexander-winkler/degruyter_rss/main/feed/phhumyb.xml
PHIL,phil,Philologus,0031-7985,2196-7008,Classical and Ancient Near Eastern Studies,https://www.degruyter.com/journal/key/phil/html,https://raw.githubusercontent.com/alexander-winkler/degruyter_rss/main/feed/phil.xml
PHON,phon,Phonetica,0031-8388,1423-0321,Linguistics and Semiotics,https://www.degruyter.com/journal/key/phon/html,https://raw.githubusercontent.com/alexander-winkler/degruyter_rss/main/feed/phon.xml
PHRAS,yop,Yearbook of Phraseology,1868-632X,1868-6338,Linguistics and Semiotics,https://www.degruyter.com/journal/key/yop/html,https://raw.githubusercontent.com/alexander-winkler/degruyter_rss/main/feed/yop.xml
PHW,phw,Public History Weekly,,2197-6376,History,https://www.degruyter.com/journal/key/phw/html,
PHYS,phys,Open Physics,,2391-5471,Physics,https://www.degruyter.com/journal/key/phys/html,https://raw.githubusercontent.com/alexander-winkler/degruyter_rss/main/feed/phys.xml
PJBR,pjbr,Paladyn,,2081-4836,Mathematics,https://www.degruyter.com/journal/key/pjbr/html,https://raw.githubusercontent.com/alexander-winkler/degruyter_rss/main/feed/pjbr.xml
PM,pm,Practical Metallography,0032-678X,2195-8599,Materials Sciences,https://www.degruyter.com/journal/key/pm/html,https://raw.githubusercontent.com/alexander-winkler/degruyter_rss/main/feed/pm.xml
POL,pol,Pólemos,2035-5262,2036-4601,Literary Studies,https://www.degruyter.com/journal/key/pol/html,https://raw.githubusercontent.com/alexander-winkler/degruyter_rss/main/feed/pol.xml
POLYENG,polyeng,Journal of Polymer Engineering,0334-6447,2191-0340,Industrial Chemistry,https://www.degruyter.com/journal/key/polyeng/html,https://raw.githubusercontent.com/alexander-winkler/degruyter_rss/main/feed/polyeng.xml
POP,pop,POP. Kultur und Kritik,2194-6981,2198-0322,Cultural Studies,https://www.degruyter.com/journal/key/pop/html,https://raw.githubusercontent.com/alexander-winkler/degruyter_rss/main/feed/pop.xml
PP,pp,Pleura and Peritoneum,2364-7671,2364-768X,Medicine,https://www.degruyter.com/journal/key/pp/html,https://raw.githubusercontent.com/alexander-winkler/degruyter_rss/main/feed/pp.xml
PR,jplr,Journal of Politeness Research,1612-5681,1613-4877,Linguistics and Semiotics,https://www.degruyter.com/journal/key/jplr/html,https://raw.githubusercontent.com/alexander-winkler/degruyter_rss/main/feed/jplr.xml
PROBUS,prbs,Probus,0921-4771,1613-4079,Linguistics and Semiotics,https://www.degruyter.com/journal/key/prbs/html,https://raw.githubusercontent.com/alexander-winkler/degruyter_rss/main/feed/prbs.xml
PRTH,prth,Praktische Theologie,0946-3518,2198-0462,Theology and Religion,https://www.degruyter.com/journal/key/prth/html,https://raw.githubusercontent.com/alexander-winkler/degruyter_rss/main/feed/prth.xml
PSICL,psicl,Poznan Studies in Contemporary Linguistics,0137-2459,1897-7499,Linguistics and Semiotics,https://www.degruyter.com/journal/key/psicl/html,https://raw.githubusercontent.com/alexander-winkler/degruyter_rss/main/feed/psicl.xml
PSR,psr,Physical Sciences Reviews,2365-6581,2365-659X,Industrial Chemistry,https://www.degruyter.com/journal/key/psr/html,https://raw.githubusercontent.com/alexander-winkler/degruyter_rss/main/feed/psr.xml
PSYCH,psych,Open Psychology,,2543-8883,Social Sciences,https://www.degruyter.com/journal/key/psych/html,https://raw.githubusercontent.com/alexander-winkler/degruyter_rss/main/feed/psych.xml
PTERIDINES,pteridines,Pteridines,0933-4807,2195-4720,Life Sciences,https://www.degruyter.com/journal/key/pteridines/html,https://raw.githubusercontent.com/alexander-winkler/degruyter_rss/main/feed/pteridines.xml
PUBHEF,pubhef,Public Health Forum,0944-5587,1876-4851,Medicine,https://www.degruyter.com/journal/key/pubhef/html,https://raw.githubusercontent.com/alexander-winkler/degruyter_rss/main/feed/pubhef.xml
PWP,pwp,Perspektiven der Wirtschaftspolitik,1465-6493,1468-2516,Business and Economics,https://www.degruyter.com/journal/key/pwp/html,https://raw.githubusercontent.com/alexander-winkler/degruyter_rss/main/feed/pwp.xml
PZ,prhz,Praehistorische Zeitschrift ,0079-4848,1613-0804,History,https://www.degruyter.com/journal/key/prhz/html,https://raw.githubusercontent.com/alexander-winkler/degruyter_rss/main/feed/prhz.xml
QUFIAB,qfiab,Quellen und Forschungen aus italienischen Archiven und Bibliotheken,0079-9068,1865-8865,History,https://www.degruyter.com/journal/key/qfiab/html,https://raw.githubusercontent.com/alexander-winkler/degruyter_rss/main/feed/qfiab.xml
RAABE,jdrg,Jahrbuch der Raabe-Gesellschaft,0075-2371,1865-8857,Literary Studies,https://www.degruyter.com/journal/key/jdrg/html,https://raw.githubusercontent.com/alexander-winkler/degruyter_rss/main/feed/jdrg.xml
RACT,ract,Radiochimica Acta,0033-8230,2193-3405,Chemistry,https://www.degruyter.com/journal/key/ract/html,https://raw.githubusercontent.com/alexander-winkler/degruyter_rss/main/feed/ract.xml
RAMS,rams,REVIEWS ON ADVANCED MATERIALS SCIENCE,,1605-8127,Chemistry,https://www.degruyter.com/journal/key/rams/html,https://raw.githubusercontent.com/alexander-winkler/degruyter_rss/main/feed/rams.xml
RBF,rbf,Rundbrief Fotografie,0945-0327,2751-0476,Arts,https://www.degruyter.com/journal/key/rbf/html,https://raw.githubusercontent.com/alexander-winkler/degruyter_rss/main/feed/rbf.xml
RES,rest,Restaurator. International Journal for the Preservation of Library and Archival Material,0034-5806,1865-8431,"Library and Information Science, Book Studies",https://www.degruyter.com/journal/key/rest/html,https://raw.githubusercontent.com/alexander-winkler/degruyter_rss/main/feed/rest.xml
REVAC,revac,Reviews in Analytical Chemistry,0793-0135,2191-0189,Industrial Chemistry,https://www.degruyter.com/journal/key/revac/html,https://raw.githubusercontent.com/alexander-winkler/degruyter_rss/main/feed/revac.xml
REVCE,revce,Reviews in Chemical Engineering,0167-8299,2191-0235,Industrial Chemistry,https://www.degruyter.com/journal/key/revce/html,https://raw.githubusercontent.com/alexander-winkler/degruyter_rss/main/feed/revce.xml
REVEH,reveh,Reviews on Environmental Health,0048-7554,2191-0308,Medicine,https://www.degruyter.com/journal/key/reveh/html,https://raw.githubusercontent.com/alexander-winkler/degruyter_rss/main/feed/reveh.xml
REVIC,revic,Reviews in Inorganic Chemistry,0193-4929,2191-0227,Chemistry,https://www.degruyter.com/journal/key/revic/html,https://raw.githubusercontent.com/alexander-winkler/degruyter_rss/main/feed/revic.xml
REVNEURO,revneuro,Reviews in the Neurosciences,0334-1763,2191-0200,Life Sciences,https://www.degruyter.com/journal/key/revneuro/html,https://raw.githubusercontent.com/alexander-winkler/degruyter_rss/main/feed/revneuro.xml
RHETORIK,rhet,Rhetorik,0720-5775,1865-9160,Literary Studies,https://www.degruyter.com/journal/key/rhet/html,https://raw.githubusercontent.com/alexander-winkler/degruyter_rss/main/feed/rhet.xml
RHIZ,rhiz,Rhizomata,2196-5102,2196-5110,Philosophy,https://www.degruyter.com/journal/key/rhiz/html,https://raw.githubusercontent.com/alexander-winkler/degruyter_rss/main/feed/rhiz.xml
RILI,rili,Revista Internacional de Lingüística Iberoamericana,,2255-5218,Linguistics and Semiotics,https://www.degruyter.com/journal/key/rili/html,https://raw.githubusercontent.com/alexander-winkler/degruyter_rss/main/feed/rili.xml
RIR,rir,Rheumatology and Immunology Research,,2719-4523,Medicine,https://www.degruyter.com/journal/key/rir/html,https://raw.githubusercontent.com/alexander-winkler/degruyter_rss/main/feed/rir.xml
RLE,rle,Review of Law & Economics,2194-6000,1555-5879,Law ,https://www.degruyter.com/journal/key/rle/html,https://raw.githubusercontent.com/alexander-winkler/degruyter_rss/main/feed/rle.xml
RMEEF,rmeef,Review of Middle East Economics and Finance,1475-3685,1475-3693,Business and Economics,https://www.degruyter.com/journal/key/rmeef/html,https://raw.githubusercontent.com/alexander-winkler/degruyter_rss/main/feed/rmeef.xml
RNAM,rnam,Russian Journal of Numerical Analysis and Mathematical Modelling,0927-6467,1569-3988,Mathematics,https://www.degruyter.com/journal/key/rnam/html,https://raw.githubusercontent.com/alexander-winkler/degruyter_rss/main/feed/rnam.xml
RNE,rne,Review of Network Economics,2194-5993,1446-9022,Business and Economics,https://www.degruyter.com/journal/key/rne/html,https://raw.githubusercontent.com/alexander-winkler/degruyter_rss/main/feed/rne.xml
ROBI,romb,Romanische Bibliographie,0080-388X,1865-9055,,https://www.degruyter.com/journal/key/romb/html,https://raw.githubusercontent.com/alexander-winkler/degruyter_rss/main/feed/romb.xml
ROE,roe,Review of Economics,0948-5139,2366-035X,Business and Economics,https://www.degruyter.com/journal/key/roe/html,https://raw.githubusercontent.com/alexander-winkler/degruyter_rss/main/feed/roe.xml
ROJA,roma,Romanistisches Jahrbuch,0080-3898,1613-0413,Literary Studies,https://www.degruyter.com/journal/key/roma/html,https://raw.githubusercontent.com/alexander-winkler/degruyter_rss/main/feed/roma.xml
ROMS,roms,Review of Marketing Science,2194-5985,1546-5616,Business and Economics,https://www.degruyter.com/journal/key/roms/html,https://raw.githubusercontent.com/alexander-winkler/degruyter_rss/main/feed/roms.xml
ROSE,rose,Random Operators and Stochastic Equations,0926-6364,1569-397X,Mathematics,https://www.degruyter.com/journal/key/rose/html,https://raw.githubusercontent.com/alexander-winkler/degruyter_rss/main/feed/rose.xml
SAGMB,sagmb,Statistical Applications in Genetics and Molecular Biology,2194-6302,1544-6115,Life Sciences,https://www.degruyter.com/journal/key/sagmb/html,https://raw.githubusercontent.com/alexander-winkler/degruyter_rss/main/feed/sagmb.xml
SAI,sai,Interacción Sino-Iberoamericana / Sino-Iberoamerican Interaction,,2747-7479,Social Sciences,https://www.degruyter.com/journal/key/sai/html,https://raw.githubusercontent.com/alexander-winkler/degruyter_rss/main/feed/sai.xml
SATS,sats,SATS,1600-1974,1869-7577,Philosophy,https://www.degruyter.com/journal/key/sats/html,https://raw.githubusercontent.com/alexander-winkler/degruyter_rss/main/feed/sats.xml
SCID,scid,Statistical Communications in Infectious Diseases,2194-6310,1948-4690,Medicine,https://www.degruyter.com/journal/key/scid/html,https://raw.githubusercontent.com/alexander-winkler/degruyter_rss/main/feed/scid.xml
SCIPO,scipo,Scientia Poetica,1431-5041,1868-9418,Literary Studies,https://www.degruyter.com/journal/key/scipo/html,https://raw.githubusercontent.com/alexander-winkler/degruyter_rss/main/feed/scipo.xml
SECM,secm,Science and Engineering of Composite Materials ,0792-1233,2191-0359,Materials Sciences,https://www.degruyter.com/journal/key/secm/html,https://raw.githubusercontent.com/alexander-winkler/degruyter_rss/main/feed/secm.xml
SEM,semi,Semiotica,0037-1998,1613-3692,Linguistics and Semiotics,https://www.degruyter.com/journal/key/semi/html,https://raw.githubusercontent.com/alexander-winkler/degruyter_rss/main/feed/semi.xml
SHLL,shll,Studies in Hispanic and Lusophone Linguistics,1939-0238,2199-3386,Linguistics and Semiotics,https://www.degruyter.com/journal/key/shll/html,https://raw.githubusercontent.com/alexander-winkler/degruyter_rss/main/feed/shll.xml
SIRIUS,sirius,SIRIUS – Zeitschrift für Strategische Analysen,2510-263X,2510-2648,Social Sciences,https://www.degruyter.com/journal/key/sirius/html,https://raw.githubusercontent.com/alexander-winkler/degruyter_rss/main/feed/sirius.xml
SJPAIN,sjpain,Scandinavian Journal of Pain,1877-8860,1877-8879,Medicine,https://www.degruyter.com/journal/key/sjpain/html,https://raw.githubusercontent.com/alexander-winkler/degruyter_rss/main/feed/sjpain.xml
SLAW,slaw,Zeitschrift für Slawistik,0044-3506,2196-7016,Linguistics and Semiotics,https://www.degruyter.com/journal/key/slaw/html,https://raw.githubusercontent.com/alexander-winkler/degruyter_rss/main/feed/slaw.xml
SNDE,snde,Studies in Nonlinear Dynamics & Econometrics,1081-1826,1558-3708,Mathematics,https://www.degruyter.com/journal/key/snde/html,https://raw.githubusercontent.com/alexander-winkler/degruyter_rss/main/feed/snde.xml
SOEU,soeu,Comparative Southeast European Studies,2701-8199,2701-8202,History,https://www.degruyter.com/journal/key/soeu/html,https://raw.githubusercontent.com/alexander-winkler/degruyter_rss/main/feed/soeu.xml
SOFO,sofo,Südost-Forschungen,0081-9077,2364-9321,History,https://www.degruyter.com/journal/key/sofo/html,https://raw.githubusercontent.com/alexander-winkler/degruyter_rss/main/feed/sofo.xml
SOLIN,soci,Sociolinguistica,0933-1883,1865-939X,Linguistics and Semiotics,https://www.degruyter.com/journal/key/soci/html,https://raw.githubusercontent.com/alexander-winkler/degruyter_rss/main/feed/soci.xml
SOSI,sosi,Sozialer Sinn,1439-9326,2366-0228,Social Sciences,https://www.degruyter.com/journal/key/sosi/html,https://raw.githubusercontent.com/alexander-winkler/degruyter_rss/main/feed/sosi.xml
SPIRCARE,spircare,Spiritual Care,2193-3804,2365-8185,Medicine,https://www.degruyter.com/journal/key/spircare/html,https://raw.githubusercontent.com/alexander-winkler/degruyter_rss/main/feed/spircare.xml
SPMA,spma,Special Matrices,,2300-7451,Mathematics,https://www.degruyter.com/journal/key/spma/html,https://raw.githubusercontent.com/alexander-winkler/degruyter_rss/main/feed/spma.xml
SPP,spp,"Statistics, Politics and Policy ",2194-6299,2151-7509,Social Sciences,https://www.degruyter.com/journal/key/spp/html,https://raw.githubusercontent.com/alexander-winkler/degruyter_rss/main/feed/spp.xml
SRSR,srsr,Soziologische Revue,0343-4109,2196-7024,Social Sciences,https://www.degruyter.com/journal/key/srsr/html,https://raw.githubusercontent.com/alexander-winkler/degruyter_rss/main/feed/srsr.xml
STRM,strm,Statistics & Risk Modeling,2193-1402,2196-7040,,https://www.degruyter.com/journal/key/strm/html,https://raw.githubusercontent.com/alexander-winkler/degruyter_rss/main/feed/strm.xml
STUF,stuf,STUF - Language Typology and Universals,1867-8319,2196-7148,Linguistics and Semiotics,https://www.degruyter.com/journal/key/stuf/html,https://raw.githubusercontent.com/alexander-winkler/degruyter_rss/main/feed/stuf.xml
STUW,stuw,Steuer und Wirtschaft - StuW,0341-2954,2366-1461,Law ,https://www.degruyter.com/journal/key/stuw/html,https://raw.githubusercontent.com/alexander-winkler/degruyter_rss/main/feed/stuw.xml
SUG,sug,Sport und Gesellschaft,1610-3181,2366-0465,Sports and Recreation,https://www.degruyter.com/journal/key/sug/html,https://raw.githubusercontent.com/alexander-winkler/degruyter_rss/main/feed/sug.xml
TC,tcs,Trends in Classics,1866-7473,1866-7481,Classical and Ancient Near Eastern Studies,https://www.degruyter.com/journal/key/tcs/html,https://raw.githubusercontent.com/alexander-winkler/degruyter_rss/main/feed/tcs.xml
TEB,teb,Translational Exercise Biomedicine,,2942-6812,Medicine,https://www.degruyter.com/journal/key/teb/html,https://raw.githubusercontent.com/alexander-winkler/degruyter_rss/main/feed/teb.xml
TEME,teme,tm - Technisches Messen,0171-8096,2196-7113,Engineering,https://www.degruyter.com/journal/key/teme/html,https://raw.githubusercontent.com/alexander-winkler/degruyter_rss/main/feed/teme.xml
TEXT,text,Text & Talk,1860-7330,1860-7349,Linguistics and Semiotics,https://www.degruyter.com/journal/key/text/html,https://raw.githubusercontent.com/alexander-winkler/degruyter_rss/main/feed/text.xml
TIL,til,Theoretical Inquiries in Law,1565-1509,1565-3404,Law ,https://www.degruyter.com/journal/key/til/html,https://raw.githubusercontent.com/alexander-winkler/degruyter_rss/main/feed/til.xml
TJB,tjb,Turkish Journal of Biochemistry,0250-4685,1303-829X,Medicine,https://www.degruyter.com/journal/key/tjb/html,https://raw.githubusercontent.com/alexander-winkler/degruyter_rss/main/feed/tjb.xml
TJENG,tjj,International Journal of Turbo & Jet-Engines ,0334-0082,2191-0332,Engineering,https://www.degruyter.com/journal/key/tjj/html,https://raw.githubusercontent.com/alexander-winkler/degruyter_rss/main/feed/tjj.xml
TL,thli,Theoretical Linguistics,0301-4428,1613-4060,Linguistics and Semiotics,https://www.degruyter.com/journal/key/thli/html,https://raw.githubusercontent.com/alexander-winkler/degruyter_rss/main/feed/thli.xml
TLR,tlir,The Linguistic Review,0167-6318,1613-3676,Linguistics and Semiotics,https://www.degruyter.com/journal/key/tlir/html,https://raw.githubusercontent.com/alexander-winkler/degruyter_rss/main/feed/tlir.xml
TNSCI,tnsci,Translational Neuroscience,,2081-6936,Medicine,https://www.degruyter.com/journal/key/tnsci/html,https://raw.githubusercontent.com/alexander-winkler/degruyter_rss/main/feed/tnsci.xml
TSD,tsd,Tenside Surfactants Detergents,0932-3414,2195-8564,Industrial Chemistry,https://www.degruyter.com/journal/key/tsd/html,https://raw.githubusercontent.com/alexander-winkler/degruyter_rss/main/feed/tsd.xml
TW,tw,Zeitschrift für Tourismuswissenschaft,1867-9501,2366-0406,Business and Economics,https://www.degruyter.com/journal/key/tw/html,https://raw.githubusercontent.com/alexander-winkler/degruyter_rss/main/feed/tw.xml
UBG,ubg,UbG - Die Unternehmensbesteuerung,1865-7222,2568-3071,Law ,https://www.degruyter.com/journal/key/ubg/html,https://raw.githubusercontent.com/alexander-winkler/degruyter_rss/main/feed/ubg.xml
UR,ur,UmsatzsteuerRundschau,0341-8669,2194-4180,Law ,https://www.degruyter.com/journal/key/ur/html,https://raw.githubusercontent.com/alexander-winkler/degruyter_rss/main/feed/ur.xml
VF,vf,Verkündigung und Forschung,0342-2410,2198-0454,Theology and Religion,https://www.degruyter.com/journal/key/vf/html,https://raw.githubusercontent.com/alexander-winkler/degruyter_rss/main/feed/vf.xml
VFZG,vfzg,Vierteljahrshefte für Zeitgeschichte,0042-5702,2196-7121,History,https://www.degruyter.com/journal/key/vfzg/html,https://raw.githubusercontent.com/alexander-winkler/degruyter_rss/main/feed/vfzg.xml
WITT,wgst,Wittgenstein-Studien,1868-7431,1868-7458,Philosophy,https://www.degruyter.com/journal/key/wgst/html,https://raw.githubusercontent.com/alexander-winkler/degruyter_rss/main/feed/wgst.xml
YEJLS,yejls,Yearbook for European Jewish Literature Studies,2196-6249,2196-6257,Literary Studies,https://www.degruyter.com/journal/key/yejls/html,https://raw.githubusercontent.com/alexander-winkler/degruyter_rss/main/feed/yejls.xml
YEWPH,yewph,Yearbook for Eastern and Western Philosophy,2196-5889,2196-5897,Philosophy,https://www.degruyter.com/journal/key/yewph/html,https://raw.githubusercontent.com/alexander-winkler/degruyter_rss/main/feed/yewph.xml
ZA,zava,Zeitschrift für Assyriologie und Vorderasiatische Archäologie     ,0084-5299,1613-1150,Theology and Religion,https://www.degruyter.com/journal/key/zava/html,https://raw.githubusercontent.com/alexander-winkler/degruyter_rss/main/feed/zava.xml
ZAA,zaa,Zeitschrift für Anglistik und Amerikanistik,0044-2305,2196-4726,Linguistics and Semiotics,https://www.degruyter.com/journal/key/zaa/html,
ZAC,zach,Zeitschrift für Antikes Christentum / Journal of Ancient Christianity,0949-9571,1612-961X,Theology and Religion,https://www.degruyter.com/journal/key/zach/html,
ZAES,zaes,Zeitschrift für Ägyptische Sprache und Altertumskunde,0044-216X,2196-713X,Classical and Ancient Near Eastern Studies,https://www.degruyter.com/journal/key/zaes/html,
ZAW,zatw,Zeitschrift für die alttestamentliche Wissenschaft,0044-2526,1613-0103,Theology and Religion,https://www.degruyter.com/journal/key/zatw/html,
ZBB,zbb,Zeitschrift für Bankrecht und Bankwirtschaft,0936-2800,2199-1715,Law ,https://www.degruyter.com/journal/key/zbb/html,https://raw.githubusercontent.com/alexander-winkler/degruyter_rss/main/feed/zbb.xml
ZCPH,zcph,Zeitschrift für celtische Philologie,0084-5302,1865-889X,Literary Studies,https://www.degruyter.com/journal/key/zcph/html,https://raw.githubusercontent.com/alexander-winkler/degruyter_rss/main/feed/zcph.xml
ZEE,zee,Zeitschrift für Evangelische Ethik,0044-2674,2197-912X,Theology and Religion,https://www.degruyter.com/journal/key/zee/html,
ZFA,zfa,Zeitschrift für Arbeitsrecht,0342-328X,2366-2042,Law ,https://www.degruyter.com/journal/key/zfa/html,https://raw.githubusercontent.com/alexander-winkler/degruyter_rss/main/feed/zfa.xml
ZFAA,zfaa,Zeitschrift für archäologische Aufklärung,,2941-0002,Classical and Ancient Near Eastern Studies,https://www.degruyter.com/journal/key/zfaa/html,https://raw.githubusercontent.com/alexander-winkler/degruyter_rss/main/feed/zfaa.xml
ZFAL,zfal,Zeitschrift für Angewandte Linguistik,1433-9889,2190-0191,Linguistics and Semiotics,https://www.degruyter.com/journal/key/zfal/html,https://raw.githubusercontent.com/alexander-winkler/degruyter_rss/main/feed/zfal.xml
ZFGG,zfgg,Zeitschrift für das gesamte Genossenschaftswesen,0044-2429,2366-0414,Business and Economics,https://www.degruyter.com/journal/key/zfgg/html,https://raw.githubusercontent.com/alexander-winkler/degruyter_rss/main/feed/zfgg.xml
ZFMW,zfmw,ZfM - Zeitschrift für Medienwissenschaft,,2296-4126,Cultural Studies,https://www.degruyter.com/journal/key/zfmw/html,https://raw.githubusercontent.com/alexander-winkler/degruyter_rss/main/feed/zfmw.xml
ZFR,zfr,Zeitschrift für Religionswissenschaft,0943-8610,2194-508X,Theology and Religion,https://www.degruyter.com/journal/key/zfr/html,https://raw.githubusercontent.com/alexander-winkler/degruyter_rss/main/feed/zfr.xml
ZFRS,zfrs,Zeitschrift für Rechtssoziologie,0174-0202,2366-0392,Social Sciences,https://www.degruyter.com/journal/key/zfrs/html,https://raw.githubusercontent.com/alexander-winkler/degruyter_rss/main/feed/zfrs.xml
ZFSOZ,zfsoz,Zeitschrift für Soziologie,0340-1804,2366-0325,Social Sciences,https://www.degruyter.com/journal/key/zfsoz/html,https://raw.githubusercontent.com/alexander-winkler/degruyter_rss/main/feed/zfsoz.xml
ZFW,zfw,ZFW – Advances in Economic Geography,2748-1956,2748-1964,Business and Economics,https://www.degruyter.com/journal/key/zfw/html,https://raw.githubusercontent.com/alexander-winkler/degruyter_rss/main/feed/zfw.xml
ZFWP,zfwp,Zeitschrift für Wirtschaftspolitik,0721-3808,2366-0317,Business and Economics,https://www.degruyter.com/journal/key/zfwp/html,https://raw.githubusercontent.com/alexander-winkler/degruyter_rss/main/feed/zfwp.xml
ZGL,zfgl,Zeitschrift für germanistische Linguistik,0301-3294,1613-0626,Linguistics and Semiotics,https://www.degruyter.com/journal/key/zfgl/html,https://raw.githubusercontent.com/alexander-winkler/degruyter_rss/main/feed/zfgl.xml
ZGR,zgre,Zeitschrift für Unternehmens- und Gesellschaftsrecht,0340-2479,1612-7048,Law ,https://www.degruyter.com/journal/key/zgre/html,https://raw.githubusercontent.com/alexander-winkler/degruyter_rss/main/feed/zgre.xml
ZIG,zig,Zeitschrift für interkulturelle Germanistik,1869-3660,2198-0330,Cultural Studies,https://www.degruyter.com/journal/key/zig/html,https://raw.githubusercontent.com/alexander-winkler/degruyter_rss/main/feed/zig.xml
ZKG,zkg,Zeitschrift für Kunstgeschichte,0044-2992,2569-1619,Arts,https://www.degruyter.com/journal/key/zkg/html,https://raw.githubusercontent.com/alexander-winkler/degruyter_rss/main/feed/zkg.xml
ZKKW,zkkw,Zeitschrift für Kultur- und Kollektivwissenschaft,2363-6300,2363-6319,Cultural Studies,https://www.degruyter.com/journal/key/zkkw/html,https://raw.githubusercontent.com/alexander-winkler/degruyter_rss/main/feed/zkkw.xml
ZKM,zkm,Zeitschrift für Konfliktmanagement,1439-2127,2194-4210,Law ,https://www.degruyter.com/journal/key/zkm/html,https://raw.githubusercontent.com/alexander-winkler/degruyter_rss/main/feed/zkm.xml
ZKRI,zkri,Zeitschrift für Kristallographie - Crystalline Materials ,2194-4946,2196-7105,Materials Sciences,https://www.degruyter.com/journal/key/zkri/html,https://raw.githubusercontent.com/alexander-winkler/degruyter_rss/main/feed/zkri.xml
ZNA,zna,Zeitschrift für Naturforschung A,0932-0784,1865-7109,Physics,https://www.degruyter.com/journal/key/zna/html,https://raw.githubusercontent.com/alexander-winkler/degruyter_rss/main/feed/zna.xml
ZNB,znb,Zeitschrift für Naturforschung B,0932-0776,1865-7117,Chemistry,https://www.degruyter.com/journal/key/znb/html,https://raw.githubusercontent.com/alexander-winkler/degruyter_rss/main/feed/znb.xml
ZNC,znc,Zeitschrift für Naturforschung C,0939-5075,1865-7125,Life Sciences,https://www.degruyter.com/journal/key/znc/html,https://raw.githubusercontent.com/alexander-winkler/degruyter_rss/main/feed/znc.xml
ZNTH,znth,Journal for the History of Modern Theology / Zeitschrift für Neuere Theologiegeschichte,0943-7592,1612-9776,Theology and Religion,https://www.degruyter.com/journal/key/znth/html,https://raw.githubusercontent.com/alexander-winkler/degruyter_rss/main/feed/znth.xml
ZNW,zntw,Zeitschrift für die neutestamentliche Wissenschaft ,0044-2615,1613-009X,Theology and Religion,https://www.degruyter.com/journal/key/zntw/html,https://raw.githubusercontent.com/alexander-winkler/degruyter_rss/main/feed/zntw.xml
ZPCH,zpch,Zeitschrift für Physikalische Chemie,0942-9352,2196-7156,Chemistry,https://www.degruyter.com/journal/key/zpch/html,https://raw.githubusercontent.com/alexander-winkler/degruyter_rss/main/feed/zpch.xml
ZPT,zpt,Zeitschrift für Pädagogik und Theologie,1437-7160,2366-7796,Theology and Religion,https://www.degruyter.com/journal/key/zpt/html,https://raw.githubusercontent.com/alexander-winkler/degruyter_rss/main/feed/zpt.xml
ZRGG,zrgg,Zeitschrift der Savigny-Stiftung für Rechtsgeschichte: Germanistische Abteilung,0323-4045,2304-4861,History,https://www.degruyter.com/journal/key/zrgg/html,https://raw.githubusercontent.com/alexander-winkler/degruyter_rss/main/feed/zrgg.xml
ZRGK,zrgk,Zeitschrift der Savigny-Stiftung für Rechtsgeschichte: Kanonistische Abteilung,0323-4142,2304-4896,History,https://www.degruyter.com/journal/key/zrgk/html,https://raw.githubusercontent.com/alexander-winkler/degruyter_rss/main/feed/zrgk.xml
ZRGR,zrgr,Zeitschrift der Savigny-Stiftung für Rechtsgeschichte: Romanistische Abteilung,0323-4096,2304-4934,History,https://www.degruyter.com/journal/key/zrgr/html,https://raw.githubusercontent.com/alexander-winkler/degruyter_rss/main/feed/zrgr.xml
ZRP,zrph,Zeitschrift für romanische Philologie,0049-8661,1865-9063,Linguistics and Semiotics,https://www.degruyter.com/journal/key/zrph/html,https://raw.githubusercontent.com/alexander-winkler/degruyter_rss/main/feed/zrph.xml
ZRS,zrs,Zeitschrift für Rezensionen zur germanistischen Sprachwissenschaft,1867-1691,1867-1705,Linguistics and Semiotics,https://www.degruyter.com/journal/key/zrs/html,https://raw.githubusercontent.com/alexander-winkler/degruyter_rss/main/feed/zrs.xml
ZSR,zsr,Zeitschrift für Sozialreform,0514-2776,2366-0295,Social Sciences,https://www.degruyter.com/journal/key/zsr/html,https://raw.githubusercontent.com/alexander-winkler/degruyter_rss/main/feed/zsr.xml
ZSTW,zstw,Zeitschrift für die gesamte Strafrechtswissenschaft      ,0084-5310,1612-703X,Law ,https://www.degruyter.com/journal/key/zstw/html,https://raw.githubusercontent.com/alexander-winkler/degruyter_rss/main/feed/zstw.xml
ZUG,zug,Zeitschrift für Unternehmensgeschichte,0342-2852,2367-2293,History,https://www.degruyter.com/journal/key/zug/html,https://raw.githubusercontent.com/alexander-winkler/degruyter_rss/main/feed/zug.xml
ZWER,zwer,Zeitschrift für Wettbewerbsrecht,1611-1982,2199-1723,Law ,https://www.degruyter.com/journal/key/zwer/html,https://raw.githubusercontent.com/alexander-winkler/degruyter_rss/main/feed/zwer.xml
ZWF,zwf,Zeitschrift für wirtschaftlichen Fabrikbetrieb,0947-0085,2511-0896,Engineering,https://www.degruyter.com/journal/key/zwf/html,https://raw.githubusercontent.com/alexander-winkler/degruyter_rss/main/feed/zwf.xml
ZWG,zwg,WerkstattGeschichte,0942-704X,2701-1992,History,https://www.degruyter.com/journal/key/zwg/html,https://raw.githubusercontent.com/alexander-winkler/degruyter_rss/main/feed/zwg.xml
